file,rank,name,price,capacity,rakutenUrl,楽天商品名,楽天価格,URL一致
ballpoint-pen-comparison.md,1,ジェットストリーム 名入れ 多機能ボールペン 4色,880,1本（4色ボールペン+シャープペンシル）,https://hb.afl.rakuten.co.jp/hgc/g00q656n.3rdw61ae.g00q656n.3rdw7d60/?pc=https%3A%2F%2Fitem.rakuten.co.jp%2Fbunbougu-shibuya%2Fmsxe5-1000-05n%2F&m=http%3A%2F%2Fm.rakuten.co.jp%2Fbunbougu-shibuya%2Fi%2F10074288%2F&rafcid=wsc_i_is_42b71141-7589-447e-ab9f-1c5e97e9d61f,ジェットストリーム 名入れ ボールペン 4&1 三菱鉛筆 uni 多機能ボールペン 0.5 0.7 0.38ボール+0.5シャープ MSXE5-1000 4＆1 名前入りボールペン 仕事 学生 安心ブランド 定番 記念品 1000円前後 ギフト プレゼント 文房具 名前入れ可能 [ギフトケース付][M便 1/15],880,○
ballpoint-pen-comparison.md,2,サラサグランド ビンテージ ジェルボールペン,1200,1本（ゲルインク）,https://hb.afl.rakuten.co.jp/hgc/g00q020n.3rdw6d49.g00q020n.3rdw75a0/?pc=https%3A%2F%2Fitem.rakuten.co.jp%2Fogawahan%2F10008119%2F&m=http%3A%2F%2Fm.rakuten.co.jp%2Fogawahan%2Fi%2F10008119%2F&rafcid=wsc_i_is_42b71141-7589-447e-ab9f-1c5e97e9d61f,【名いれ無料】ZEBRA ゼブラ サラサグランド ビンテージ 名入れ ボールペン ジェルボールペン 高級 プレゼント,1200,○
ballpoint-pen-comparison.md,3,クロス カレイ ボールペン,2640,1本（替え芯対応）,https://hb.afl.rakuten.co.jp/hgc/g00qm7tn.3rdw6475.g00qm7tn.3rdw747f/?pc=https%3A%2F%2Fitem.rakuten.co.jp%2Fauc-youstyle%2Fcr-at0112-1%2F&m=http%3A%2F%2Fm.rakuten.co.jp%2Fauc-youstyle%2Fi%2F10044341%2F&rafcid=wsc_i_is_42b71141-7589-447e-ab9f-1c5e97e9d61f,【P5倍要エントリー】 名入れ ボールペン クロス CROSS ボールペン カレイ CALAIS AT0112 油性ボールペン ギフト 誕生日祝い 進級祝い 記念日 高級筆記具 文房具 プレゼント 名前入り 名入り,2640,○
ballpoint-pen-comparison.md,4,パーカー IM ボールペン,3470,1本（替え芯対応）,https://hb.afl.rakuten.co.jp/hgc/g00rviqn.3rdw6978.g00rviqn.3rdw793e/?pc=https%3A%2F%2Fitem.rakuten.co.jp%2Fnaireya%2Fparkerim%2F&m=http%3A%2F%2Fm.rakuten.co.jp%2Fnaireya%2Fi%2F10000000%2F&rafcid=wsc_i_is_42b71141-7589-447e-ab9f-1c5e97e9d61f,【P5倍要エントリー】 名入れ ボールペン パーカー PARKER IM 油性ボールペン 全14色 ギフト プレゼント 誕生日 就職 オフィス おしゃれ シンプル 文房具 事務用品 ファッション 新学期 勉強 学生用品 先生へ 上司へ 名前入り 名入り,2679,△(別商品)
bath-additive-comparison.md,1,バブ 厳選4種類の香りセレクトBOX 56錠,4273,56錠（56回分）,https://hb.afl.rakuten.co.jp/hgc/g00un3nn.3rdw669e.g00un3nn.3rdw7b90/?pc=https%3A%2F%2Fitem.rakuten.co.jp%2Ffukuroku-1%2Figpebstvhfft2z4dc6iwkue5py%2F&m=http%3A%2F%2Fm.rakuten.co.jp%2Ffukuroku-1%2Fi%2F10126004%2F&rafcid=wsc_i_is_42b71141-7589-447e-ab9f-1c5e97e9d61f,【大容量】 バブ 厳選4種類の香りセレクトBOX 薬用 56錠 炭酸 入浴剤 詰め合わせ [医薬部外品],4273,○
bath-additive-comparison.md,2,バスクリン 大容量 600g×3個,2465,600g×3個（約60回分）,https://hb.afl.rakuten.co.jp/hgc/g00sa3qn.3rdw64a4.g00sa3qn.3rdw76a8/?pc=https%3A%2F%2Fitem.rakuten.co.jp%2Fshopavail%2F1789%2F&m=http%3A%2F%2Fm.rakuten.co.jp%2Fshopavail%2Fi%2F10001642%2F&rafcid=wsc_i_is_42b71141-7589-447e-ab9f-1c5e97e9d61f,ERROR: 0件,,
bath-additive-comparison.md,3,【1種類を選べる】きき湯 炭酸湯【きき湯】[炭酸入浴剤 薬用 温泉 風呂 温浴,1980,360g×3,https://hb.afl.rakuten.co.jp/hgc/g00r136n.3rdw697f.g00r136n.3rdw7383/?pc=https%3A%2F%2Fitem.rakuten.co.jp%2Frakuten24%2F405199%2F&m=http%3A%2F%2Fm.rakuten.co.jp%2Frakuten24%2Fi%2F11231979%2F&rafcid=wsc_i_is_42b71141-7589-447e-ab9f-1c5e97e9d61f,【1種類を選べる】きき湯 炭酸湯(360g×3セット)【きき湯】[炭酸入浴剤 薬用 温泉 風呂 温浴 発泡 炭酸 症状 ケア],1980,○
bath-additive-comparison.md,4,エプソムソルト 3kg,1720,3kg（約20回分）,https://hb.afl.rakuten.co.jp/hgc/g00r4tyn.3rdw66a6.g00r4tyn.3rdw770c/?pc=https%3A%2F%2Fitem.rakuten.co.jp%2Fauc-epsomsalt%2Fesc-3kg%2F&m=http%3A%2F%2Fm.rakuten.co.jp%2Fauc-epsomsalt%2Fi%2F10000221%2F&rafcid=wsc_i_is_42b71141-7589-447e-ab9f-1c5e97e9d61f,【公式】 国産 エプソムソルト オリジナル 3kg 入浴剤 無添加 無香料 マグネシウム シークリスタルス バスソルト 食品添加物グレード 計量スプーン付,1720,○
bathroom-cleaner-comparison.md,1,バスマジックリン エアジェット 詰め替え 大容量 820mL×2袋,722,820mL×2袋（約240回分）,https://hb.afl.rakuten.co.jp/hgc/g00ugynn.3rdw6d73.g00ugynn.3rdw7c64/?pc=https%3A%2F%2Fitem.rakuten.co.jp%2Frakutensokuhaimart%2F4901301453242%2F&m=http%3A%2F%2Fm.rakuten.co.jp%2Frakutensokuhaimart%2Fi%2F10028927%2F&rafcid=wsc_i_is_42b71141-7589-447e-ab9f-1c5e97e9d61f,ERROR: 0件,,
bathroom-cleaner-comparison.md,2,ルック バスタブクレンジング 詰め替え 大容量 800mL,3262,800mL（約120回分）,https://hb.afl.rakuten.co.jp/hgc/g00r136n.3rdw697f.g00r136n.3rdw7383/?pc=https%3A%2F%2Fitem.rakuten.co.jp%2Frakuten24%2F85253%2F&m=http%3A%2F%2Fm.rakuten.co.jp%2Frakuten24%2Fi%2F10966194%2F&rafcid=wsc_i_is_42b71141-7589-447e-ab9f-1c5e97e9d61f,ライオン ルック＋バスタブクレンジング 銀イオン＋ハーバルグリーン 詰め替え 大容量 800ml,380,△(別商品)
bathroom-cleaner-comparison.md,3,カビキラー 特大サイズ 本体 1000g,784,1000g（約100回分）,https://hb.afl.rakuten.co.jp/hgc/g00r136n.3rdw697f.g00r136n.3rdw7383/?pc=https%3A%2F%2Fitem.rakuten.co.jp%2Frakuten24%2Fa001200200130%2F&m=http%3A%2F%2Fm.rakuten.co.jp%2Frakuten24%2Fi%2F10099450%2F&rafcid=wsc_i_is_42b71141-7589-447e-ab9f-1c5e97e9d61f,カビキラー カビ取り剤 本体 特大サイズ 大容量(1000g)【rainy_2】【カビキラー】[カビ除去スプレー お風呂 浴槽 掃除 洗剤],784,○
bathroom-cleaner-comparison.md,4,ウタマロクリーナー 本体 400mL + 詰め替え 350mL セット,470,本体400mL+詰め替え350mL（約110回分）,https://hb.afl.rakuten.co.jp/hgc/g00ru0on.3rdw60b7.g00ru0on.3rdw7edf/?pc=https%3A%2F%2Fitem.rakuten.co.jp%2Fat-life%2F4904766130215%2F&m=http%3A%2F%2Fm.rakuten.co.jp%2Fat-life%2Fi%2F10003963%2F&rafcid=wsc_i_is_42b71141-7589-447e-ab9f-1c5e97e9d61f,ERROR: HTTP 400,,
body-soap-comparison.md,1,ビオレu ザ ボディ 泡タイプ 詰め替え 800mL×2袋,1980,800mL×2袋（約400回分）,https://hb.afl.rakuten.co.jp/hgc/g00r136n.3rdw697f.g00r136n.3rdw7383/?pc=https%3A%2F%2Fitem.rakuten.co.jp%2Frakuten24%2F405032%2F&m=http%3A%2F%2Fm.rakuten.co.jp%2Frakuten24%2Fi%2F11166894%2F&rafcid=wsc_i_is_42b71141-7589-447e-ab9f-1c5e97e9d61f,ERROR: HTTP 400,,
body-soap-comparison.md,2,hadakara ボディソープ 保湿+サラサラ仕上がりタイプ 詰め替え 大容量 800mL,732,800mL（約100回分）,https://hb.afl.rakuten.co.jp/hgc/g00qs40n.3rdw6e75.g00qs40n.3rdw7092/?pc=https%3A%2F%2Fitem.rakuten.co.jp%2Fladies-online-shop%2F10021895%2F&m=http%3A%2F%2Fm.rakuten.co.jp%2Fladies-online-shop%2Fi%2F10021895%2F&rafcid=wsc_i_is_42b71141-7589-447e-ab9f-1c5e97e9d61f,ERROR: 0件,,
body-soap-comparison.md,3,ダヴ ボディウォッシュ プレミアム モイスチャーケア 詰め替え 720g,2598,720g（約2ヶ月分）,https://hb.afl.rakuten.co.jp/hgc/g00psjvn.3rdw61e6.g00psjvn.3rdw7b7c/?pc=https%3A%2F%2Fitem.rakuten.co.jp%2Ftry3%2F4902111764443%2F&m=http%3A%2F%2Fm.rakuten.co.jp%2Ftry3%2Fi%2F10032736%2F&rafcid=wsc_i_is_42b71141-7589-447e-ab9f-1c5e97e9d61f,Dove(ダヴ) Dove ダヴ ボディウォッシュ プレミアム モイスチャーケア つめかえ用 720g ボディーソープ ボディソープ やわらかなフローラルの香り,1887,△(別商品)
body-soap-comparison.md,4,ミノン 全身シャンプー 泡タイプ 詰め替え 400mL,2993,400mL（約100回分）,https://hb.afl.rakuten.co.jp/hgc/g00r136n.3rdw697f.g00r136n.3rdw7383/?pc=https%3A%2F%2Fitem.rakuten.co.jp%2Frakuten24%2F68857%2F&m=http%3A%2F%2Fm.rakuten.co.jp%2Frakuten24%2Fi%2F10910706%2F&rafcid=wsc_i_is_42b71141-7589-447e-ab9f-1c5e97e9d61f,ミノン 全身シャンプー 泡タイプ 詰替え用(400ml*3袋セット)【MINON(ミノン)】,2993,○
cleansing-comparison.md,1,キュレル 潤浸保湿 クレンジングフォーム 150mL,1280,150mL,https://hb.afl.rakuten.co.jp/hgc/g00sc3vn.3rdw62af.g00sc3vn.3rdw76d3/?pc=https%3A%2F%2Fitem.rakuten.co.jp%2Fyuidrug%2F4901301447586%2F&m=http%3A%2F%2Fm.rakuten.co.jp%2Fyuidrug%2Fi%2F10054545%2F&rafcid=wsc_i_is_42b71141-7589-447e-ab9f-1c5e97e9d61f,ERROR: 0件,,
cleansing-comparison.md,2,ソフティモ スピーディオイルクレンジング 230mL,2270,230mL,https://hb.afl.rakuten.co.jp/hgc/g00tw2pn.3rdw6069.g00tw2pn.3rdw7b19/?pc=https%3A%2F%2Fitem.rakuten.co.jp%2Fbeautyland%2F1736928005%2F&m=http%3A%2F%2Fm.rakuten.co.jp%2Fbeautyland%2Fi%2F10000272%2F&rafcid=wsc_i_is_42b71141-7589-447e-ab9f-1c5e97e9d61f,ERROR: 0件,,
cleansing-comparison.md,3,DHC ディープクレンジングオイル 200mL,2717,200mL,https://hb.afl.rakuten.co.jp/hgc/g00qy5un.3rdw6b7b.g00qy5un.3rdw754e/?pc=https%3A%2F%2Fitem.rakuten.co.jp%2Fdhcshop%2F8000000300%2F&m=http%3A%2F%2Fm.rakuten.co.jp%2Fdhcshop%2Fi%2F10000077%2F&rafcid=wsc_i_is_42b71141-7589-447e-ab9f-1c5e97e9d61f,【店内P最大18倍以上開催】【DHC直販】DHC薬用ディープクレンジングオイル（L）200mL | クレンジングオイル オイル 毛穴 メイク落とし オイルクレンジング 毛穴ケア 角栓 化粧落とし スキンケア 化粧品 フェイスケア 肌ケア 基礎化粧品 保湿 コスメ 乾燥肌 顔 美容 well,2717,○
cleansing-comparison.md,4,ビオレ 素肌つるるんクレンジングウォーター 300mL,6263,300mL,https://hb.afl.rakuten.co.jp/hgc/g00ujrwn.3rdw65e1.g00ujrwn.3rdw73b7/?pc=https%3A%2F%2Fitem.rakuten.co.jp%2Fmorro%2F20250623203939_94%2F&m=http%3A%2F%2Fm.rakuten.co.jp%2Fmorro%2Fi%2F10047472%2F&rafcid=wsc_i_is_42b71141-7589-447e-ab9f-1c5e97e9d61f,ERROR: 0件,,
coffee-filter-comparison.md,1,キーコーヒー コーヒーフィルター 無漂白 100枚,184,100枚（2〜4杯用）,https://hb.afl.rakuten.co.jp/hgc/g00prckn.3rdw63f4.g00prckn.3rdw7c9f/?pc=https%3A%2F%2Fitem.rakuten.co.jp%2Fonestep%2Fcf0475%2F&m=http%3A%2F%2Fm.rakuten.co.jp%2Fonestep%2Fi%2F10348950%2F&rafcid=wsc_i_is_42b71141-7589-447e-ab9f-1c5e97e9d61f,キーコーヒー コーヒーフィルター 2〜4人用 無漂白 タブ付き 100枚入り,228,△(別商品)
coffee-filter-comparison.md,2,ハリオ V60 ペーパーフィルター みさらし 100枚,438,100枚（1〜4杯用）,https://hb.afl.rakuten.co.jp/hgc/g00pl5fn.3rdw6571.g00pl5fn.3rdw7e5a/?pc=https%3A%2F%2Fitem.rakuten.co.jp%2Fgourmetcoffee%2F1355-02%2F&m=http%3A%2F%2Fm.rakuten.co.jp%2Fgourmetcoffee%2Fi%2F10001877%2F&rafcid=wsc_i_is_42b71141-7589-447e-ab9f-1c5e97e9d61f,V60用ペーパーフィルターみさらし100枚箱入りVCF-02-100MK（1〜4杯用）/ハリオ（HARIO）コーヒーフィルター/アイス珈琲/アイスコーヒー/グルメコーヒー豆専門加藤珈琲店,438,○
coffee-filter-comparison.md,3,【カリタ】コーヒーフィルターみさらし101濾紙1〜2人用/,209,40枚,https://hb.afl.rakuten.co.jp/hgc/g00ppmon.3rdw6f65.g00ppmon.3rdw7779/?pc=https%3A%2F%2Fitem.rakuten.co.jp%2Fhiroshimacoffee%2F426221%2F&m=http%3A%2F%2Fm.rakuten.co.jp%2Fhiroshimacoffee%2Fi%2F10000898%2F&rafcid=wsc_i_is_42b71141-7589-447e-ab9f-1c5e97e9d61f,【カリタ】コーヒーフィルターみさらし101濾紙1〜2人用/40枚入,209,○
coffee-filter-comparison.md,4,メリタ アロマフィルター AF-M 100枚,853,100枚（1〜2杯用）,https://hb.afl.rakuten.co.jp/hgc/g00u5ncn.3rdw6781.g00u5ncn.3rdw77ef/?pc=https%3A%2F%2Fitem.rakuten.co.jp%2Fmelittajapan%2Faromafilter01%2F&m=http%3A%2F%2Fm.rakuten.co.jp%2Fmelittajapan%2Fi%2F10000085%2F&rafcid=wsc_i_is_42b71141-7589-447e-ab9f-1c5e97e9d61f,ERROR: 0件,,
conditioner-comparison.md,1,いち髪 なめらかスムースケア コンディショナー 詰め替え 660mL×2個,1000,660mL×2個（約6ヶ月分）,https://hb.afl.rakuten.co.jp/hgc/g00uhm1n.3rdw621b.g00uhm1n.3rdw7ede/?pc=https%3A%2F%2Fitem.rakuten.co.jp%2Fonestep0104%2Fichikami-smth%2F&m=http%3A%2F%2Fm.rakuten.co.jp%2Fonestep0104%2Fi%2F10000229%2F&rafcid=wsc_i_is_42b71141-7589-447e-ab9f-1c5e97e9d61f,送料無料 ［2個セット］いち髪　なめらかスムースケアコンディショナー　詰替用　660mL×2個 ●翌日配達「あす楽」対象商品（休業日を除く）●,2520,△(別商品)
conditioner-comparison.md,2,メリット コンディショナー 詰め替え 大容量 1200mL,6600,1200mL（約4ヶ月分）,https://hb.afl.rakuten.co.jp/hgc/g00r136n.3rdw697f.g00r136n.3rdw7383/?pc=https%3A%2F%2Fitem.rakuten.co.jp%2Frakuten24%2F601325%2F&m=http%3A%2F%2Fm.rakuten.co.jp%2Frakuten24%2Fi%2F11330382%2F&rafcid=wsc_i_is_42b71141-7589-447e-ab9f-1c5e97e9d61f,大容量 Merit メリット コンディショナー つめかえ用 1200ml [医薬部外品],2514,△(別商品)
conditioner-comparison.md,3,パンテーン エクストラダメージケア トリートメントコンディショナー 詰め替え 超特大 950g,421,950g（約3ヶ月分）,https://hb.afl.rakuten.co.jp/hgc/g00t3jpn.3rdw65f5.g00t3jpn.3rdw7f69/?pc=https%3A%2F%2Fitem.rakuten.co.jp%2Fyamada-denki%2F2873444011%2F&m=http%3A%2F%2Fm.rakuten.co.jp%2Fyamada-denki%2Fi%2F10570891%2F&rafcid=wsc_i_is_42b71141-7589-447e-ab9f-1c5e97e9d61f,ERROR: 0件,,
conditioner-comparison.md,4,【決算還元】ユニリーバ LUX ラックス スーパーリッチシャイン ダメージリペア,299,290g,https://hb.afl.rakuten.co.jp/hgc/g00ru0on.3rdw60b7.g00ru0on.3rdw7edf/?pc=https%3A%2F%2Fitem.rakuten.co.jp%2Fat-life%2F4902111773964-today%2F&m=http%3A%2F%2Fm.rakuten.co.jp%2Fat-life%2Fi%2F12461321%2F&rafcid=wsc_i_is_42b71141-7589-447e-ab9f-1c5e97e9d61f,【決算還元】ユニリーバ LUX ラックス スーパーリッチシャイン ダメージリペア 補修 コンディショナー つめかえ用 290g（4902111773964）※パッケージ変更の場合あり,299,○
contact-lens-comparison.md,1,コンプリート ダブルモイスト コンタクト洗浄液 360mL,1424,360mL,https://hb.afl.rakuten.co.jp/hgc/g00r136n.3rdw697f.g00r136n.3rdw7383/?pc=https%3A%2F%2Fitem.rakuten.co.jp%2Frakuten24%2Fe406550h%2F&m=http%3A%2F%2Fm.rakuten.co.jp%2Frakuten24%2Fi%2F10439837%2F&rafcid=wsc_i_is_42b71141-7589-447e-ab9f-1c5e97e9d61f,ERROR: 0件,,
contact-lens-comparison.md,2,オプティフリープラス コンタクトレンズ洗浄液 470mL,3890,470mL,https://hb.afl.rakuten.co.jp/hgc/g00qym5n.3rdw62ce.g00qym5n.3rdw72cb/?pc=https%3A%2F%2Fitem.rakuten.co.jp%2Fhitomi-cl%2Fopfplus_6%2F&m=http%3A%2F%2Fm.rakuten.co.jp%2Fhitomi-cl%2Fi%2F10000358%2F&rafcid=wsc_i_is_42b71141-7589-447e-ab9f-1c5e97e9d61f,ERROR: 0件,,
contact-lens-comparison.md,3,エピカコールド コンタクトレンズ洗浄液 360mL,3040,360mL,https://hb.afl.rakuten.co.jp/hgc/g00rvxen.3rdw62ee.g00rvxen.3rdw7466/?pc=https%3A%2F%2Fitem.rakuten.co.jp%2Fatcontact%2Fk_mc_epc3z0_02_h%2F&m=http%3A%2F%2Fm.rakuten.co.jp%2Fatcontact%2Fi%2F10002192%2F&rafcid=wsc_i_is_42b71141-7589-447e-ab9f-1c5e97e9d61f,ERROR: 0件,,
contact-lens-comparison.md,4,メニコン 洗浄保存液 コンタクト 450mL,7360,450mL,https://hb.afl.rakuten.co.jp/hgc/g00rfvyn.3rdw697a.g00rfvyn.3rdw7b2f/?pc=https%3A%2F%2Fitem.rakuten.co.jp%2Flenscare%2Feye-car-08019%2F&m=http%3A%2F%2Fm.rakuten.co.jp%2Flenscare%2Fi%2F10001377%2F&rafcid=wsc_i_is_42b71141-7589-447e-ab9f-1c5e97e9d61f,ERROR: 0件,,
cotton-comparison.md,1,【1点限り！令和お試し価格】ユニ・チャーム シルコット うるうる コットン,341,80枚,https://hb.afl.rakuten.co.jp/hgc/g00ru0on.3rdw60b7.g00ru0on.3rdw7edf/?pc=https%3A%2F%2Fitem.rakuten.co.jp%2Fat-life%2F4903111456789-today%2F&m=http%3A%2F%2Fm.rakuten.co.jp%2Fat-life%2Fi%2F12194578%2F&rafcid=wsc_i_is_42b71141-7589-447e-ab9f-1c5e97e9d61f,【1点限り！令和お試し価格】ユニ・チャーム シルコット うるうる コットン 80枚入,341,○
cotton-comparison.md,2,花王　ビオレ　メイク落とし　ふくだけコットン　つめかえ用　詰め替え用　クレンジン,565,46枚,https://hb.afl.rakuten.co.jp/hgc/g00pp25n.3rdw63dd.g00pp25n.3rdw7c22/?pc=https%3A%2F%2Fitem.rakuten.co.jp%2Fwellness-web%2F10034333%2F&m=http%3A%2F%2Fm.rakuten.co.jp%2Fwellness-web%2Fi%2F10034333%2F&rafcid=wsc_i_is_42b71141-7589-447e-ab9f-1c5e97e9d61f,花王　ビオレ　メイク落とし　ふくだけコットン　つめかえ用　(46枚入)　詰め替え用　クレンジングシート,565,○
cotton-comparison.md,3,コットンラボ コットン 70枚入,1470,70枚入,https://hb.afl.rakuten.co.jp/hgc/g00r136n.3rdw697f.g00r136n.3rdw7383/?pc=https%3A%2F%2Fitem.rakuten.co.jp%2Frakuten24%2F64330%2F&m=http%3A%2F%2Fm.rakuten.co.jp%2Frakuten24%2Fi%2F10898172%2F&rafcid=wsc_i_is_42b71141-7589-447e-ab9f-1c5e97e9d61f,(LINEクーポン有)4973202201079 5枚重ねのめくるコットン 大きめサイズ 70枚入【キャンセル不可】 ラボ 化粧雑貨 化粧品 めくるコットン大きめ コットンラボ,403,△(別商品)
cotton-comparison.md,4,パックスナチュロン コットン 80枚入,3894,80枚入,https://hb.afl.rakuten.co.jp/hgc/g00q5inn.3rdw6732.g00q5inn.3rdw7aa0/?pc=https%3A%2F%2Fitem.rakuten.co.jp%2Faimere%2Ft0010102%2F&m=http%3A%2F%2Fm.rakuten.co.jp%2Faimere%2Fi%2F10020176%2F&rafcid=wsc_i_is_42b71141-7589-447e-ab9f-1c5e97e9d61f,ERROR: 0件,,
dental-floss-comparison.md,1,GUM デンタルフロス 550m,280,550m,https://hb.afl.rakuten.co.jp/hgc/g00r6h3n.3rdw6e54.g00r6h3n.3rdw719f/?pc=https%3A%2F%2Fitem.rakuten.co.jp%2Fd-fit%2Fppp160%2F&m=http%3A%2F%2Fm.rakuten.co.jp%2Fd-fit%2Fi%2F10010887%2F&rafcid=wsc_i_is_42b71141-7589-447e-ab9f-1c5e97e9d61f,ERROR: 0件,,
dental-floss-comparison.md,2,ライオン クリニカ アドバンテージ フロス Y字タイプ,292,18本,https://hb.afl.rakuten.co.jp/hgc/g00ru0on.3rdw60b7.g00ru0on.3rdw7edf/?pc=https%3A%2F%2Fitem.rakuten.co.jp%2Fat-life%2F4903301203896%2F&m=http%3A%2F%2Fm.rakuten.co.jp%2Fat-life%2Fi%2F10013302%2F&rafcid=wsc_i_is_42b71141-7589-447e-ab9f-1c5e97e9d61f,ライオン クリニカ アドバンテージ フロス Y字タイプ 18本 (歯垢除去　デンタルフロス)( 4903301203896 ),292,○
dental-floss-comparison.md,3,小林製薬 糸ようじ フロス&ピック デンタルフロス 60本入,770,60本入,https://hb.afl.rakuten.co.jp/hgc/g00r136n.3rdw697f.g00r136n.3rdw7383/?pc=https%3A%2F%2Fitem.rakuten.co.jp%2Frakuten24%2Fa003200200606%2F&m=http%3A%2F%2Fm.rakuten.co.jp%2Frakuten24%2Fi%2F10123742%2F&rafcid=wsc_i_is_42b71141-7589-447e-ab9f-1c5e97e9d61f,小林製薬の糸ようじ デンタルフロス(60本入)【イチオシ】【糸ようじ】[フロス&ピック デンタルフロス 歯間ケア 虫歯 歯周病],770,○
dental-floss-comparison.md,4,デンタルプロ 歯間ブラシ 4【more30】【デンタルプロ】,467,15本,https://hb.afl.rakuten.co.jp/hgc/g00pl1pn.3rdw619a.g00pl1pn.3rdw796f/?pc=https%3A%2F%2Fitem.rakuten.co.jp%2Fkenkocom%2Fd412800h%2F&m=http%3A%2F%2Fm.rakuten.co.jp%2Fkenkocom%2Fi%2F10014395%2F&rafcid=wsc_i_is_42b71141-7589-447e-ab9f-1c5e97e9d61f,デンタルプロ 歯間ブラシ 4(Mサイズ*15本入)【more30】【デンタルプロ】,467,○
deodorant-comparison.md,1,8x4 パウダースプレー 無香料 150g,492,150g,https://hb.afl.rakuten.co.jp/hgc/g00rqszn.3rdw6b20.g00rqszn.3rdw7361/?pc=https%3A%2F%2Fitem.rakuten.co.jp%2Fmatsukiyo%2F4901301333834%2F&m=http%3A%2F%2Fm.rakuten.co.jp%2Fmatsukiyo%2Fi%2F10462163%2F&rafcid=wsc_i_is_42b71141-7589-447e-ab9f-1c5e97e9d61f,花王 8x4 パウダースプレー 無香料 大 150g （医薬部外品）,492,○
deodorant-comparison.md,2,Ban 汗ブロックロールオン プレミアムラベル 40mL,2723,40mL,https://hb.afl.rakuten.co.jp/hgc/g00u5nyn.3rdw649e.g00u5nyn.3rdw7766/?pc=https%3A%2F%2Fitem.rakuten.co.jp%2Fnrfonline%2Fnrfdb87f906a9%2F&m=http%3A%2F%2Fm.rakuten.co.jp%2Fnrfonline%2Fi%2F10125429%2F&rafcid=wsc_i_is_42b71141-7589-447e-ab9f-1c5e97e9d61f,LION Ban(バン) 汗ブロックロールオン プレミアムラベル 男性用 マイルドソープの香り 40ml(医薬部外品),2723,○
deodorant-comparison.md,3,エージーデオ24 パウダースプレー 無香料 180g,1808,180g,https://hb.afl.rakuten.co.jp/hgc/g00umkyn.3rdw6eac.g00umkyn.3rdw7d2b/?pc=https%3A%2F%2Fitem.rakuten.co.jp%2Fburiruby%2Fplwduu6zfep6pqvwj6ico43byu%2F&m=http%3A%2F%2Fm.rakuten.co.jp%2Fburiruby%2Fi%2F10800028%2F&rafcid=wsc_i_is_42b71141-7589-447e-ab9f-1c5e97e9d61f,エージーデオ24 パウダースプレー 無香料 180g (医薬部外品),1808,○
deodorant-comparison.md,4,デオナチュレ ソフトストーンW 20g,2970,20g,https://hb.afl.rakuten.co.jp/hgc/g00r136n.3rdw697f.g00r136n.3rdw7383/?pc=https%3A%2F%2Fitem.rakuten.co.jp%2Frakuten24%2F84667%2F&m=http%3A%2F%2Fm.rakuten.co.jp%2Frakuten24%2Fi%2F10965528%2F&rafcid=wsc_i_is_42b71141-7589-447e-ab9f-1c5e97e9d61f,デオナチュレ ソフトストーンW(20g*3個セット)【デオナチュレ】,2970,○
diaper-tape-comparison.md,1,パンパース テープ Sサイズ 74枚×4袋,8680,74枚×4袋（296枚）,https://hb.afl.rakuten.co.jp/hgc/g00qe9yn.3rdw6bb4.g00qe9yn.3rdw7db4/?pc=https%3A%2F%2Fitem.rakuten.co.jp%2Fmamababy%2F7252901%2F&m=http%3A%2F%2Fm.rakuten.co.jp%2Fmamababy%2Fi%2F10193037%2F&rafcid=wsc_i_is_42b71141-7589-447e-ab9f-1c5e97e9d61f,ERROR: 0件,,
diaper-tape-comparison.md,2,たっぷり,3582,28枚,https://hb.afl.rakuten.co.jp/hgc/g00pt2hn.3rdw62c1.g00pt2hn.3rdw7d43/?pc=https%3A%2F%2Fitem.rakuten.co.jp%2Fkamachu%2Fmix%2F&m=http%3A%2F%2Fm.rakuten.co.jp%2Fkamachu%2Fi%2F10000209%2F&rafcid=wsc_i_is_42b71141-7589-447e-ab9f-1c5e97e9d61f,たっぷり収納ケース 66M ホワイト収納ケース プラスチック 引き出し 衣装ケース クローゼット クローゼット収納 収納ボックス 天馬,2880,△(別商品)
diaper-tape-comparison.md,3,たっぷり,3980,28枚,https://hb.afl.rakuten.co.jp/hgc/g00pt2hn.3rdw62c1.g00pt2hn.3rdw7d43/?pc=https%3A%2F%2Fitem.rakuten.co.jp%2Fkamachu%2Fmix%2F&m=http%3A%2F%2Fm.rakuten.co.jp%2Fkamachu%2Fi%2F10000209%2F&rafcid=wsc_i_is_42b71141-7589-447e-ab9f-1c5e97e9d61f,たっぷり収納ケース 66M ホワイト収納ケース プラスチック 引き出し 衣装ケース クローゼット クローゼット収納 収納ボックス 天馬,2880,△(別商品)
diaper-tape-comparison.md,4,たっぷり,3980,28枚,https://hb.afl.rakuten.co.jp/hgc/g00pt2hn.3rdw62c1.g00pt2hn.3rdw7d43/?pc=https%3A%2F%2Fitem.rakuten.co.jp%2Fkamachu%2Fmix%2F&m=http%3A%2F%2Fm.rakuten.co.jp%2Fkamachu%2Fi%2F10000209%2F&rafcid=wsc_i_is_42b71141-7589-447e-ab9f-1c5e97e9d61f,たっぷり収納ケース 66M ホワイト収納ケース プラスチック 引き出し 衣装ケース クローゼット クローゼット収納 収納ボックス 天馬,2880,△(別商品)
dish-detergent-comparison.md,1,ジョイ コンパクト 食器用洗剤 詰め替え 大容量 770mL×2袋,2710,770mL×2袋（約385回分）,https://hb.afl.rakuten.co.jp/hgc/g00qhoan.3rdw6e00.g00qhoan.3rdw73e2/?pc=https%3A%2F%2Fitem.rakuten.co.jp%2Fkurashikenkou%2F7269456%2F&m=http%3A%2F%2Fm.rakuten.co.jp%2Fkurashikenkou%2Fi%2F10221021%2F&rafcid=wsc_i_is_42b71141-7589-447e-ab9f-1c5e97e9d61f,ERROR: 0件,,
dish-detergent-comparison.md,2,キュキュット 食器用洗剤 詰め替え 大容量 820mL×2袋,5035,820mL×2袋（約410回分）,https://hb.afl.rakuten.co.jp/hgc/g00r136n.3rdw697f.g00r136n.3rdw7383/?pc=https%3A%2F%2Fitem.rakuten.co.jp%2Frakuten24%2F404955%2F&m=http%3A%2F%2Fm.rakuten.co.jp%2Frakuten24%2Fi%2F11148566%2F&rafcid=wsc_i_is_42b71141-7589-447e-ab9f-1c5e97e9d61f,ERROR: 0件,,
dish-detergent-comparison.md,3,チャーミーマジカ 食器用洗剤 詰め替え 超大型 1380mL,6165,1380mL（約276回分）,https://hb.afl.rakuten.co.jp/hgc/g00po93n.3rdw6ce8.g00po93n.3rdw7d35/?pc=https%3A%2F%2Fitem.rakuten.co.jp%2Fi-order%2F10053002%2F&m=http%3A%2F%2Fm.rakuten.co.jp%2Fi-order%2Fi%2F10053002%2F&rafcid=wsc_i_is_42b71141-7589-447e-ab9f-1c5e97e9d61f,ERROR: 0件,,
dish-detergent-comparison.md,4,ヤシノミ洗剤 食器・野菜用 詰め替え 540mL,2769,540mL（約180回分）,https://hb.afl.rakuten.co.jp/hgc/g00uqv2n.3rdw6222.g00uqv2n.3rdw7c45/?pc=https%3A%2F%2Fitem.rakuten.co.jp%2Fastershop%2Fbomdykhfin55h3inene676douq%2F&m=http%3A%2F%2Fm.rakuten.co.jp%2Fastershop%2Fi%2F10191599%2F&rafcid=wsc_i_is_42b71141-7589-447e-ab9f-1c5e97e9d61f,【3個セット】ヤシノミ洗剤 食器・野菜用 プレミアムパワー 濃縮タイプ 詰替用 540mL サラヤ オリジナルステッカー付き,2769,○
dishwasher-detergent-comparison.md,1,★大容量2200g入り★フィニッシュ パウダー/ミューズ/,1760,2200g,https://hb.afl.rakuten.co.jp/hgc/g00qx6in.3rdw6f17.g00qx6in.3rdw7fd9/?pc=https%3A%2F%2Fitem.rakuten.co.jp%2Fgood-mam88%2F10001821%2F&m=http%3A%2F%2Fm.rakuten.co.jp%2Fgood-mam88%2Fi%2F10001821%2F&rafcid=wsc_i_is_42b71141-7589-447e-ab9f-1c5e97e9d61f,★大容量2200g入り★フィニッシュ パウダー/ミューズ/ パワー&ピュア つめかえ用 2200g　2.2Kg [洗剤 食器洗い機専用(食洗機用洗剤) 詰替]【コストコ通販】,1760,○
dishwasher-detergent-comparison.md,2,キュキュット 食洗機用洗剤 ウルトラクリーン すっきりシトラスの香り 詰め替え【,1999,770g,https://hb.afl.rakuten.co.jp/hgc/g00r136n.3rdw697f.g00r136n.3rdw7383/?pc=https%3A%2F%2Fitem.rakuten.co.jp%2Frakuten24%2F555031%2F&m=http%3A%2F%2Fm.rakuten.co.jp%2Frakuten24%2Fi%2F11156970%2F&rafcid=wsc_i_is_42b71141-7589-447e-ab9f-1c5e97e9d61f,キュキュット 食洗機用洗剤 ウルトラクリーン すっきりシトラスの香り 詰め替え(770g*3袋セット)【キュキュット】,1999,○
dishwasher-detergent-comparison.md,3,ジョイ ジェルタブ PRO W除菌 食洗機用洗剤,5480,100個×2袋,https://hb.afl.rakuten.co.jp/hgc/g00uci6n.3rdw636f.g00uci6n.3rdw7988/?pc=https%3A%2F%2Fitem.rakuten.co.jp%2Fshopypp%2F3799-001192%2F&m=http%3A%2F%2Fm.rakuten.co.jp%2Fshopypp%2Fi%2F10000167%2F&rafcid=wsc_i_is_42b71141-7589-447e-ab9f-1c5e97e9d61f,ジョイ ジェルタブ PRO W除菌 食洗機用洗剤 100個×2袋,5480,○
dishwasher-detergent-comparison.md,4,チャーミー クリスタ 消臭ジェル つめかえ用,8600,420g×16,https://hb.afl.rakuten.co.jp/hgc/g00qqojn.3rdw68f8.g00qqojn.3rdw7493/?pc=https%3A%2F%2Fitem.rakuten.co.jp%2Feco-hiryo%2Fdish-soap144%2F&m=http%3A%2F%2Fm.rakuten.co.jp%2Feco-hiryo%2Fi%2F10002035%2F&rafcid=wsc_i_is_42b71141-7589-447e-ab9f-1c5e97e9d61f,チャーミー クリスタ 消臭ジェル つめかえ用 420g × 16パック 【ライオン LION ゆう80サイズ 佐川100サイズ】【277972】,8600,○
disposable-gloves-comparison.md,1,使い捨てポリエチレン手袋 | 衛生 清掃 衛生用品 左右両用 使い捨て 掃除 汚,220,100枚,https://hb.afl.rakuten.co.jp/hgc/g00qa5rn.3rdw6104.g00qa5rn.3rdw77da/?pc=https%3A%2F%2Fitem.rakuten.co.jp%2Fastroproducts%2F2008000008291%2F&m=http%3A%2F%2Fm.rakuten.co.jp%2Fastroproducts%2Fi%2F10017143%2F&rafcid=wsc_i_is_42b71141-7589-447e-ab9f-1c5e97e9d61f,ERROR: HTTP 400,,
disposable-gloves-comparison.md,2,【楽天1位★最安挑戦】ニトリル手袋,1380,100枚,https://hb.afl.rakuten.co.jp/hgc/g00tz97n.3rdw61ff.g00tz97n.3rdw7e95/?pc=https%3A%2F%2Fitem.rakuten.co.jp%2Ftrinity-cosme%2Fsan350532x1%2F&m=http%3A%2F%2Fm.rakuten.co.jp%2Ftrinity-cosme%2Fi%2F10000431%2F&rafcid=wsc_i_is_42b71141-7589-447e-ab9f-1c5e97e9d61f,【楽天1位★最安挑戦】ニトリル手袋 100枚 200枚 300枚 400枚 600枚 1000枚 2000枚 3000枚 ゴム手袋 使い捨て ニトリルグローブ 食品衛生適合 パウダーフリー SS S M L サイズ 粉なし 伸縮性 破れにくい 作業用 業務用 レジ回り 家庭 掃除 介護 検品用 調理用 白 青 ohte,1380,○
disposable-gloves-comparison.md,3,【楽天1位★最安挑戦】ニトリル手袋,1380,100枚,https://hb.afl.rakuten.co.jp/hgc/g00tz97n.3rdw61ff.g00tz97n.3rdw7e95/?pc=https%3A%2F%2Fitem.rakuten.co.jp%2Ftrinity-cosme%2Fsan350532x1%2F&m=http%3A%2F%2Fm.rakuten.co.jp%2Ftrinity-cosme%2Fi%2F10000431%2F&rafcid=wsc_i_is_42b71141-7589-447e-ab9f-1c5e97e9d61f,【楽天1位★最安挑戦】ニトリル手袋 100枚 200枚 300枚 400枚 600枚 1000枚 2000枚 3000枚 ゴム手袋 使い捨て ニトリルグローブ 食品衛生適合 パウダーフリー SS S M L サイズ 粉なし 伸縮性 破れにくい 作業用 業務用 レジ回り 家庭 掃除 介護 検品用 調理用 白 青 ohte,1380,○
disposable-gloves-comparison.md,4,ファミリー ビニール 使いきり手袋 うす手 100枚入,2961,100枚,https://hb.afl.rakuten.co.jp/hgc/g00s4o6n.3rdw655e.g00s4o6n.3rdw773a/?pc=https%3A%2F%2Fitem.rakuten.co.jp%2Fulmaxjapan2%2Fha-4901070760381_5%2F&m=http%3A%2F%2Fm.rakuten.co.jp%2Fulmaxjapan2%2Fi%2F10941711%2F&rafcid=wsc_i_is_42b71141-7589-447e-ab9f-1c5e97e9d61f,ERROR: 0件,,
fabric-deodorizer-comparison.md,1,リセッシュ除菌EX デオドラントパワー 詰め替え 大容量 680mL×3個,328,"680mL×3個（約2,700回分）",https://hb.afl.rakuten.co.jp/hgc/g00r7ldn.3rdw6378.g00r7ldn.3rdw7abf/?pc=https%3A%2F%2Fitem.rakuten.co.jp%2Fbiccamera%2F4901301348333%2F&m=http%3A%2F%2Fm.rakuten.co.jp%2Fbiccamera%2Fi%2F12290365%2F&rafcid=wsc_i_is_42b71141-7589-447e-ab9f-1c5e97e9d61f,ERROR: 0件,,
fabric-deodorizer-comparison.md,2,ファブリーズ W除菌 詰め替え 大容量 640mL×3個,3132,"640mL×3個（約2,400回分）",https://hb.afl.rakuten.co.jp/hgc/g00r136n.3rdw697f.g00r136n.3rdw7383/?pc=https%3A%2F%2Fitem.rakuten.co.jp%2Frakuten24%2F598756%2F&m=http%3A%2F%2Fm.rakuten.co.jp%2Frakuten24%2Fi%2F11321889%2F&rafcid=wsc_i_is_42b71141-7589-447e-ab9f-1c5e97e9d61f,ERROR: 0件,,
fabric-deodorizer-comparison.md,3,ハイジア 除菌・消臭スプレー 詰め替え 大容量 800mL,3765,"800mL（約1,000回分）",https://hb.afl.rakuten.co.jp/hgc/g00u3bvn.3rdw6436.g00u3bvn.3rdw79c6/?pc=https%3A%2F%2Fitem.rakuten.co.jp%2Ffidela%2Ffid6-00f050vya%2F&m=http%3A%2F%2Fm.rakuten.co.jp%2Ffidela%2Fi%2F10445637%2F&rafcid=wsc_i_is_42b71141-7589-447e-ab9f-1c5e97e9d61f,ERROR: 0件,,
fabric-deodorizer-comparison.md,4,A2Care 除菌消臭スプレー 300mL,2178,300mL（約600回分）,https://hb.afl.rakuten.co.jp/hgc/g00thfbn.3rdw6868.g00thfbn.3rdw7b07/?pc=https%3A%2F%2Fitem.rakuten.co.jp%2Fa2care-official%2F10000003%2F&m=http%3A%2F%2Fm.rakuten.co.jp%2Fa2care-official%2Fi%2F10000003%2F&rafcid=wsc_i_is_42b71141-7589-447e-ab9f-1c5e97e9d61f,A2Care 除菌 消臭スプレー 300ml ANA 採用 感染対策 日本製 MA-T アルコールフリー 赤ちゃん ペット 無香料 部屋 車内 玄関 ゴミ箱 トイレ 衣類 猫 タバコ 生乾き臭 カビ対策 消臭 消臭剤 無臭空間 ノンアルコール ウイルス 花粉 子供,2178,○
fabric-softener-comparison.md,1,ハミングファイン 柔軟剤 詰め替え 大容量 1500mL,1583,1500mL（約100回分）,https://hb.afl.rakuten.co.jp/hgc/g00uo14n.3rdw68f0.g00uo14n.3rdw7116/?pc=https%3A%2F%2Fitem.rakuten.co.jp%2Fhanamaru-shouten%2F20251007151525_105%2F&m=http%3A%2F%2Fm.rakuten.co.jp%2Fhanamaru-shouten%2Fi%2F10043743%2F&rafcid=wsc_i_is_42b71141-7589-447e-ab9f-1c5e97e9d61f,ERROR: 0件,,
fabric-softener-comparison.md,2,さらさ 柔軟剤 詰め替え 超特大 1260mL,2664,1260mL（約84回分）,https://hb.afl.rakuten.co.jp/hgc/g00r1osn.3rdw6db5.g00r1osn.3rdw76c6/?pc=https%3A%2F%2Fitem.rakuten.co.jp%2Fsarasa-designstore%2Fset-ls021x3%2F&m=http%3A%2F%2Fm.rakuten.co.jp%2Fsarasa-designstore%2Fi%2F10002237%2F&rafcid=wsc_i_is_42b71141-7589-447e-ab9f-1c5e97e9d61f,ERROR: 0件,,
fabric-softener-comparison.md,3,レノア 本格消臭 柔軟剤 スポーツ フレッシュシトラスブルー 詰め替え,3020,1260mL,https://hb.afl.rakuten.co.jp/hgc/g00up3bn.3rdw60f2.g00up3bn.3rdw7ff6/?pc=https%3A%2F%2Fitem.rakuten.co.jp%2Fyksakai%2Frm5gaghcckomnptjv3ixcugo64%2F&m=http%3A%2F%2Fm.rakuten.co.jp%2Fyksakai%2Fi%2F10470645%2F&rafcid=wsc_i_is_42b71141-7589-447e-ab9f-1c5e97e9d61f,レノア 本格消臭 柔軟剤 スポーツ フレッシュシトラスブルー 詰め替え 約4.5倍(1790mL),2667,△(別商品)
face-wash-comparison.md,1,洗顔フォーム 毛穴 ロゼット洗顔パスタ 海泥スムース WEB限定2倍,1210,240g,https://hb.afl.rakuten.co.jp/hgc/g00u529n.3rdw64b3.g00u529n.3rdw7138/?pc=https%3A%2F%2Fitem.rakuten.co.jp%2Frosette-shop%2Fpasta_ks240_1ps%2F&m=http%3A%2F%2Fm.rakuten.co.jp%2Frosette-shop%2Fi%2F10000066%2F&rafcid=wsc_i_is_42b71141-7589-447e-ab9f-1c5e97e9d61f,洗顔フォーム 毛穴 ロゼット洗顔パスタ 海泥スムース WEB限定2倍大容量240g 洗顔 洗顔料 泡 泥 クレイ 毛穴汚れ 毛穴ケア 黒ずみ メンズ 毛穴洗顔 角質 皮脂 角栓 毛穴対策 鼻 すっきり さっぱり 緑 買い回り,1210,○
face-wash-comparison.md,2,ダヴ ビューティモイスチャー 洗顔料 130g,1577,130g,https://hb.afl.rakuten.co.jp/hgc/g00r136n.3rdw697f.g00r136n.3rdw7383/?pc=https%3A%2F%2Fitem.rakuten.co.jp%2Frakuten24%2F563823%2F&m=http%3A%2F%2Fm.rakuten.co.jp%2Frakuten24%2Fi%2F11186459%2F&rafcid=wsc_i_is_42b71141-7589-447e-ab9f-1c5e97e9d61f,ユニリーバ ダヴ ビューティモイスチャー 洗顔料 130g,348,△(別商品)
face-wash-comparison.md,3,専科 パーフェクトホイップ 120g,1597,120g,https://hb.afl.rakuten.co.jp/hgc/g00r136n.3rdw697f.g00r136n.3rdw7383/?pc=https%3A%2F%2Fitem.rakuten.co.jp%2Frakuten24%2F563477%2F&m=http%3A%2F%2Fm.rakuten.co.jp%2Frakuten24%2Fi%2F11186753%2F&rafcid=wsc_i_is_42b71141-7589-447e-ab9f-1c5e97e9d61f,センカ パーフェクトホイップ f(120g*3本セット)【専科】,1597,○
floor-cleaner-comparison.md,1,激落ちくん ウェットシート 水の激落ちシート Ba フローリング＆リビング用シー,148,20枚,https://hb.afl.rakuten.co.jp/hgc/g00s2jfn.3rdw67d5.g00s2jfn.3rdw75cf/?pc=https%3A%2F%2Fitem.rakuten.co.jp%2Fcolorfulbox%2F4903320481701%2F&m=http%3A%2F%2Fm.rakuten.co.jp%2Fcolorfulbox%2Fi%2F10010893%2F&rafcid=wsc_i_is_42b71141-7589-447e-ab9f-1c5e97e9d61f,激落ちくん ウェットシート 水の激落ちシート Ba フローリング＆リビング用シート 20枚入 （ レック アルカリ電解水 除菌 消臭 洗剤不使用 20枚 日本製 激落ち ウェットティッシュ フローリング用 フロア用 ドライ ） 【3980円以上送料無料】,148,○
floor-cleaner-comparison.md,2,【20枚/40枚】【スターターセット】フローリングワイパー用,298,20枚,https://hb.afl.rakuten.co.jp/hgc/g00t3ztn.3rdw6b30.g00t3ztn.3rdw7dc2/?pc=https%3A%2F%2Fitem.rakuten.co.jp%2Firisplaza-r%2F205995%2F&m=http%3A%2F%2Fm.rakuten.co.jp%2Firisplaza-r%2Fi%2F10158683%2F&rafcid=wsc_i_is_42b71141-7589-447e-ab9f-1c5e97e9d61f,【20枚/40枚】【スターターセット】フローリングワイパー用シート フローリングワイパー フロアワイパー 清掃 フローリングシート トルクリーン ドライ ウェット アイリスオーヤマ DN−FD DN−FW,298,○
floor-cleaner-comparison.md,3,花王 クイックルワイパー 立体吸着ウエットシート 香りが残らないタイプ,599,16枚,https://hb.afl.rakuten.co.jp/hgc/g00pp25n.3rdw63dd.g00pp25n.3rdw7c22/?pc=https%3A%2F%2Fitem.rakuten.co.jp%2Fwellness-web%2F10006153%2F&m=http%3A%2F%2Fm.rakuten.co.jp%2Fwellness-web%2Fi%2F10006153%2F&rafcid=wsc_i_is_42b71141-7589-447e-ab9f-1c5e97e9d61f,花王 クイックルワイパー 立体吸着ウエットシート 香りが残らないタイプ 64枚入,1628,△(別商品)
floor-cleaner-comparison.md,4,ウェーブ 超保水 フロアウェットシート 微香タイプ,777,16枚,https://hb.afl.rakuten.co.jp/hgc/g00srsfn.3rdw61f5.g00srsfn.3rdw7376/?pc=https%3A%2F%2Fitem.rakuten.co.jp%2Fstacon%2F4903111466115%2F&m=http%3A%2F%2Fm.rakuten.co.jp%2Fstacon%2Fi%2F10054037%2F&rafcid=wsc_i_is_42b71141-7589-447e-ab9f-1c5e97e9d61f,ウェーブ 超保水 フロアウェットシート 微香タイプ 16枚 ＊ユニ・チャーム/ワイド超保水層とベタつき吸着3枚多層シートが床に密着してベタつき汚れをしっかり吸収/最後までウェット感が続き軽い力で汚れがスッキリ取れる/じわじわ染み出すワイド超保水層,777,○
garbage-bag-comparison.md,1,TANOSEE　ゴミ袋エコノミー　乳白半透明,5742,100枚×10,https://hb.afl.rakuten.co.jp/hgc/g00qpdqn.3rdw67a5.g00qpdqn.3rdw7b85/?pc=https%3A%2F%2Fitem.rakuten.co.jp%2Fp-tano%2F766-1730%2F&m=http%3A%2F%2Fm.rakuten.co.jp%2Fp-tano%2Fi%2F10276544%2F&rafcid=wsc_i_is_42b71141-7589-447e-ab9f-1c5e97e9d61f,TANOSEE　ゴミ袋エコノミー　乳白半透明　45L　1セット（1000枚：100枚×10パック） 【送料無料】,5742,○
garbage-bag-comparison.md,2,ポリ袋 45L 半透明 厚手0.030mm 50枚×3パック,13280,45L×50枚×3パック（150枚）,https://hb.afl.rakuten.co.jp/hgc/g00qtn3n.3rdw6fc6.g00qtn3n.3rdw7aa1/?pc=https%3A%2F%2Fitem.rakuten.co.jp%2Frice-akita%2F1000000130%2F&m=http%3A%2F%2Fm.rakuten.co.jp%2Frice-akita%2Fi%2F10000130%2F&rafcid=wsc_i_is_42b71141-7589-447e-ab9f-1c5e97e9d61f,ERROR: 0件,,
hair-treatment-comparison.md,1,フィーノ プレミアムタッチ 浸透美容液ヘアマスク 230g,2041,230g,https://hb.afl.rakuten.co.jp/hgc/g00t3jpn.3rdw65f5.g00t3jpn.3rdw7f69/?pc=https%3A%2F%2Fitem.rakuten.co.jp%2Fyamada-denki%2F2873936011%2F&m=http%3A%2F%2Fm.rakuten.co.jp%2Fyamada-denki%2Fi%2F10607476%2F&rafcid=wsc_i_is_42b71141-7589-447e-ab9f-1c5e97e9d61f,Fino フィーノ プレミアムタッチ 浸透美容液ヘアマスク 230g,1169,△(別商品)
hair-treatment-comparison.md,2,LUXスーパーリッチシャイン ダメージリペア 洗い流すトリートメント ヘアマスク,2377,150g,https://hb.afl.rakuten.co.jp/hgc/g00prvmn.3rdw683e.g00prvmn.3rdw7a5e/?pc=https%3A%2F%2Fitem.rakuten.co.jp%2Fwich%2Fluxhairmaskset%2F&m=http%3A%2F%2Fm.rakuten.co.jp%2Fwich%2Fi%2F10023186%2F&rafcid=wsc_i_is_42b71141-7589-447e-ab9f-1c5e97e9d61f,【送料無料】LUX スーパーリッチシャイン ダメージリペア とろとろ補修ヘアマスク 本体＋つめかえ用 2個セット 洗い流すトリートメント 580g ヘアケア ダメージヘア プロモーションパック ラックス,2377,○
hair-treatment-comparison.md,3,いち髪 ヘアマスク 200g,990,200g,https://hb.afl.rakuten.co.jp/hgc/g00ru0on.3rdw60b7.g00ru0on.3rdw7edf/?pc=https%3A%2F%2Fitem.rakuten.co.jp%2Fat-life%2F4901417618795-today%2F&m=http%3A%2F%2Fm.rakuten.co.jp%2Fat-life%2Fi%2F11969571%2F&rafcid=wsc_i_is_42b71141-7589-447e-ab9f-1c5e97e9d61f,【1点限り！令和お試し価格】クラシエ いち髪 プレミアム ラッピングマスク 200g,990,○
hair-treatment-comparison.md,4,パンテーン ミラクルズ ヘアトリートメント 100mL,790,100mL,https://hb.afl.rakuten.co.jp/hgc/g00ru0on.3rdw60b7.g00ru0on.3rdw7edf/?pc=https%3A%2F%2Fitem.rakuten.co.jp%2Fat-life%2F4987176174024-today%2F&m=http%3A%2F%2Fm.rakuten.co.jp%2Fat-life%2Fi%2F12461929%2F&rafcid=wsc_i_is_42b71141-7589-447e-ab9f-1c5e97e9d61f,ERROR: 0件,,
hand-cream-comparison.md,1,ニベア ハンドクリーム 75g,698,75g,https://hb.afl.rakuten.co.jp/hgc/g00q9fkn.3rdw6d18.g00q9fkn.3rdw7d1e/?pc=https%3A%2F%2Fitem.rakuten.co.jp%2Fpupuhima%2Fbea-12947-4901301326324%2F&m=http%3A%2F%2Fm.rakuten.co.jp%2Fpupuhima%2Fi%2F10044017%2F&rafcid=wsc_i_is_42b71141-7589-447e-ab9f-1c5e97e9d61f,☆メール便・送料無料☆ニベア花王　ニベアメン クリーム　75g 代引き不可 送料無料 メール便,698,○
hand-cream-comparison.md,2,ヴァセリン インテンシブケア ハンドクリーム 60mL,380,60mL,https://hb.afl.rakuten.co.jp/hgc/g00uicnn.3rdw69f9.g00uicnn.3rdw721b/?pc=https%3A%2F%2Fitem.rakuten.co.jp%2Fnarushop%2Fvl-8%2F&m=http%3A%2F%2Fm.rakuten.co.jp%2Fnarushop%2Fi%2F10000105%2F&rafcid=wsc_i_is_42b71141-7589-447e-ab9f-1c5e97e9d61f,Vaseline ヴァセリン ハンドローション 60ml インテンシブケア ヘルシーハンドアンドストロンガーネイル ケラチン ハンドクリーム バセリン 韓国 並行輸入品 ピンク クリーム 爪 ネイル,380,○
hand-cream-comparison.md,3,ユースキンA 180g,2790,180g,https://hb.afl.rakuten.co.jp/hgc/g00teiqn.3rdw6c4d.g00teiqn.3rdw7ea6/?pc=https%3A%2F%2Fitem.rakuten.co.jp%2Ffumichan%2F4987353190618-2%2F&m=http%3A%2F%2Fm.rakuten.co.jp%2Ffumichan%2Fi%2F10004284%2F&rafcid=wsc_i_is_42b71141-7589-447e-ab9f-1c5e97e9d61f,【2個セット】【指定医薬部外品】 ユースキンAa ポンプつけかえパウチ 180g ユースキン製薬 カートリッジ 詰替え ( 4987353190618-2),2790,○
hand-cream-comparison.md,4,ケラチナミン コーワ 尿素配合クリーム 30g 120個セット,1488,30g,https://hb.afl.rakuten.co.jp/hgc/g00tffxn.3rdw6dfd.g00tffxn.3rdw7ab7/?pc=https%3A%2F%2Fitem.rakuten.co.jp%2Fyokkamachi%2F10001800%2F&m=http%3A%2F%2Fm.rakuten.co.jp%2Fyokkamachi%2Fi%2F10001800%2F&rafcid=wsc_i_is_42b71141-7589-447e-ab9f-1c5e97e9d61f,【第3類医薬品】【120個セット】【1ケース分】ケラチナミンコーワ20%尿素配合クリーム 30g　チューブタイプ×120個セット　1ケース分 【正規品】【ori】【t-6】,58044,△(別商品)
hand-soap-comparison.md,1,ミヨシ 無添加 泡のせっけんハンドソープ 詰め替え 300mL×3個,471,300mL×3個（約225回分）,https://hb.afl.rakuten.co.jp/hgc/g00r136n.3rdw697f.g00r136n.3rdw7383/?pc=https%3A%2F%2Fitem.rakuten.co.jp%2Frakuten24%2Fa001200200474%2F&m=http%3A%2F%2Fm.rakuten.co.jp%2Frakuten24%2Fi%2F10114171%2F&rafcid=wsc_i_is_42b71141-7589-447e-ab9f-1c5e97e9d61f,無添加せっけん 泡のハンドソープ 詰替用 300ml 【×3個セット】 詰め替え つめかえ 詰替 詰換 ミヨシ石鹸,1368,△(別商品)
hand-soap-comparison.md,2,ビオレu 泡ハンドソープ 詰め替え 大容量 800mL×2袋,2950,800mL×2袋（約400回分）,https://hb.afl.rakuten.co.jp/hgc/g00toizn.3rdw6228.g00toizn.3rdw730f/?pc=https%3A%2F%2Fitem.rakuten.co.jp%2Fmonoworld%2Fzakka-0029%2F&m=http%3A%2F%2Fm.rakuten.co.jp%2Fmonoworld%2Fi%2F10000154%2F&rafcid=wsc_i_is_42b71141-7589-447e-ab9f-1c5e97e9d61f,ERROR: 0件,,
hand-soap-comparison.md,3,ミューズ 泡ハンドソープ 詰め替え 大容量 900mL,1914,900mL（約300回分）,https://hb.afl.rakuten.co.jp/hgc/g00r136n.3rdw697f.g00r136n.3rdw7383/?pc=https%3A%2F%2Fitem.rakuten.co.jp%2Frakuten24%2F404861%2F&m=http%3A%2F%2Fm.rakuten.co.jp%2Frakuten24%2Fi%2F11127123%2F&rafcid=wsc_i_is_42b71141-7589-447e-ab9f-1c5e97e9d61f,【4個】 ミューズ ノータッチ 泡ハンドソープ つめかえ用 色が変わる泡 フルーティフレッシュ ジャンボパック 大容量 900ml 詰め替え 泡 薬用ハンドソープ ハンドソープ 泡ハンドソープ 消毒 殺菌 ノータッチ レフィル,3130,△(別商品)
hand-soap-comparison.md,4,キレイキレイ 薬用泡ハンドソープ 詰め替え 大容量 800mL×2袋,4164,800mL×2袋（約400回分）,https://hb.afl.rakuten.co.jp/hgc/g00r136n.3rdw697f.g00r136n.3rdw7383/?pc=https%3A%2F%2Fitem.rakuten.co.jp%2Frakuten24%2F90667%2F&m=http%3A%2F%2Fm.rakuten.co.jp%2Frakuten24%2Fi%2F10986242%2F&rafcid=wsc_i_is_42b71141-7589-447e-ab9f-1c5e97e9d61f,ERROR: 0件,,
kids-toothpaste-comparison.md,1,【10個で送料無料】ライオン クリニカキッズ　クリニカKid,3494,60g×10,https://hb.afl.rakuten.co.jp/hgc/g00ru0on.3rdw60b7.g00ru0on.3rdw7edf/?pc=https%3A%2F%2Fitem.rakuten.co.jp%2Fat-life%2F0000049795240-010%2F&m=http%3A%2F%2Fm.rakuten.co.jp%2Fat-life%2Fi%2F10184891%2F&rafcid=wsc_i_is_42b71141-7589-447e-ab9f-1c5e97e9d61f,【10個で送料無料】ライオン クリニカキッズ　クリニカKid's ジェルハミガキ いちご 60g×10点セット　医薬部外品（子供用　歯磨き） ( 0000049795240),3494,○
kids-toothpaste-comparison.md,2,ピジョン ジェル状歯みがき ぷちキッズ ぶどう味【親子で乳歯ケア】,485,（50g）,https://hb.afl.rakuten.co.jp/hgc/g00qvyfn.3rdw6a92.g00qvyfn.3rdw717f/?pc=https%3A%2F%2Fitem.rakuten.co.jp%2Fsundrug%2F4902508104463%2F&m=http%3A%2F%2Fm.rakuten.co.jp%2Fsundrug%2Fi%2F10044509%2F&rafcid=wsc_i_is_42b71141-7589-447e-ab9f-1c5e97e9d61f,【医薬部外品】ピジョン 親子で乳歯ケア ジェル状歯みがき ぷちキッズ ぶどう味 50g,485,○
kids-toothpaste-comparison.md,3,ライオン チェックアップ kodomo 歯磨きペースト,1420,60g,https://hb.afl.rakuten.co.jp/hgc/g00tzj4n.3rdw68f0.g00tzj4n.3rdw7213/?pc=https%3A%2F%2Fitem.rakuten.co.jp%2Fcosline%2Fli-500gel-4%2F&m=http%3A%2F%2Fm.rakuten.co.jp%2Fcosline%2Fi%2F10002959%2F&rafcid=wsc_i_is_42b71141-7589-447e-ab9f-1c5e97e9d61f,自由にお好きな味が選べる LION DENT. Check up Kodomo gel 500 ソフトペーストの歯磨き粉 ぶどう & ソフトジェル バナナ 4本 | ライオン デント チェックアップ コドモ ジェル 歯みがき粉 歯磨き剤 フッ素ジェル 子供 子ども こども キッズ フッ素 虫歯 予防 歯科 歯科専売,1420,○
kitchen-bleach-comparison.md,1,キッチンハイター 詰め替え 1500mL×2本,3720,1500mL×2本（3000mL）,https://hb.afl.rakuten.co.jp/hgc/g00r6mcn.3rdw6191.g00r6mcn.3rdw73f0/?pc=https%3A%2F%2Fitem.rakuten.co.jp%2Ffujix-sizai%2F4901301021144%2F&m=http%3A%2F%2Fm.rakuten.co.jp%2Ffujix-sizai%2Fi%2F10000866%2F&rafcid=wsc_i_is_42b71141-7589-447e-ab9f-1c5e97e9d61f,ERROR: 0件,,
kitchen-bleach-comparison.md,2,キッチンパワーブリーチ 詰め替え 1300mL,1478,1300mL,https://hb.afl.rakuten.co.jp/hgc/g00po93n.3rdw6ce8.g00po93n.3rdw7d35/?pc=https%3A%2F%2Fitem.rakuten.co.jp%2Fi-order%2F426722%2F&m=http%3A%2F%2Fm.rakuten.co.jp%2Fi-order%2Fi%2F10000829%2F&rafcid=wsc_i_is_42b71141-7589-447e-ab9f-1c5e97e9d61f,ERROR: 0件,,
kitchen-bleach-comparison.md,3,洗たく槽クリーナー【2sh24】【シャボン玉石けん】,562,（500g）,https://hb.afl.rakuten.co.jp/hgc/g00r136n.3rdw697f.g00r136n.3rdw7383/?pc=https%3A%2F%2Fitem.rakuten.co.jp%2Frakuten24%2Fr001200200154%2F&m=http%3A%2F%2Fm.rakuten.co.jp%2Frakuten24%2Fi%2F10203982%2F&rafcid=wsc_i_is_42b71141-7589-447e-ab9f-1c5e97e9d61f,洗たく槽クリーナー(500g)【2sh24】【シャボン玉石けん】,562,○
kitchen-bleach-comparison.md,4,オキシクリーン マルチパーパスクリーナー 1360g,3425,1360g,https://hb.afl.rakuten.co.jp/hgc/g00qx6in.3rdw6f17.g00qx6in.3rdw7fd9/?pc=https%3A%2F%2Fitem.rakuten.co.jp%2Fgood-mam88%2F309892sm%2F&m=http%3A%2F%2Fm.rakuten.co.jp%2Fgood-mam88%2Fi%2F10000609%2F&rafcid=wsc_i_is_42b71141-7589-447e-ab9f-1c5e97e9d61f,ERROR: 0件,,
kitchen-paper-comparison.md,1,業務用 ペーパータオル 中判 200枚×30パック,5995,200枚×30パック（6000枚）,https://hb.afl.rakuten.co.jp/hgc/g00tszqn.3rdw6853.g00tszqn.3rdw7518/?pc=https%3A%2F%2Fitem.rakuten.co.jp%2Fpro-ste%2F9001183692%2F&m=http%3A%2F%2Fm.rakuten.co.jp%2Fpro-ste%2Fi%2F10009093%2F&rafcid=wsc_i_is_42b71141-7589-447e-ab9f-1c5e97e9d61f,ペーパータオル レギュラー 200枚 ×30パック Forestway 大容量 ペーパーハンドタオル タオルペーパー 手拭きペーパー トイレ 手拭き ペーパー 洗面所 キッチン まとめ買い 業務用ペーパータオル 箱買い 業務用 日本製 厚手 中判 ペーパータオル 送料無料,3600,△(別商品)
kitchen-paper-comparison.md,2,スコッティ ファイン 3倍巻き キッチンタオル 4ロール×4パック,7280,4ロール×4パック（150カット×16ロール）,https://hb.afl.rakuten.co.jp/hgc/g00prken.3rdw6b48.g00prken.3rdw72d3/?pc=https%3A%2F%2Fitem.rakuten.co.jp%2Fenetroom%2F7169105%2F&m=http%3A%2F%2Fm.rakuten.co.jp%2Fenetroom%2Fi%2F10182291%2F&rafcid=wsc_i_is_42b71141-7589-447e-ab9f-1c5e97e9d61f,【ハーフケース品】スコッティ ファイン 3倍巻き キッチンタオル 150カット 4ロール×4パック入り 送料無料,4394,△(別商品)
kitchen-paper-comparison.md,3,エリエール 超吸収キッチンタオル 70カット×4ロール×4パック,5171,70カット×16ロール（1120枚）,https://hb.afl.rakuten.co.jp/hgc/g00r136n.3rdw697f.g00r136n.3rdw7383/?pc=https%3A%2F%2Fitem.rakuten.co.jp%2Frakuten24%2F14506%2F&m=http%3A%2F%2Fm.rakuten.co.jp%2Frakuten24%2Fi%2F10645679%2F&rafcid=wsc_i_is_42b71141-7589-447e-ab9f-1c5e97e9d61f,大王製紙 エリエール 超吸収キッチンタオル 70カット 4ロール×12パック まとめ買い キッチンペーパー 厚手 油きり 箱買い 買いだめ 買い置き 業務用 キッチン用ペーパー 台所 キッチン 調理用品 ペーパータイプ 紙 キッチン消耗品 エリエールキッチンペーパー 送料無料,4931,△(別商品)
kitchen-paper-comparison.md,4,【数量限定】 ネピア 激吸収 キッチンタオル 4ロール×,5396,2枚,https://hb.afl.rakuten.co.jp/hgc/g00qcsnn.3rdw6570.g00qcsnn.3rdw762b/?pc=https%3A%2F%2Fitem.rakuten.co.jp%2Fkyoto23%2F10000311%2F&m=http%3A%2F%2Fm.rakuten.co.jp%2Fkyoto23%2Fi%2F10000311%2F&rafcid=wsc_i_is_42b71141-7589-447e-ab9f-1c5e97e9d61f,【数量限定】 ネピア 激吸収 キッチンタオル 4ロール (2枚重ね 100カット)×12パック キッチンペーパー 送料無料 00775,5396,○
kitchen-sponge-comparison.md,1,キクロン クリナート 5個パック,185,5個（約5ヶ月分）,https://hb.afl.rakuten.co.jp/hgc/g00r7o2n.3rdw68d7.g00r7o2n.3rdw7909/?pc=https%3A%2F%2Fitem.rakuten.co.jp%2Fsaikatu%2F10008511%2F&m=http%3A%2F%2Fm.rakuten.co.jp%2Fsaikatu%2Fi%2F10008511%2F&rafcid=wsc_i_is_42b71141-7589-447e-ab9f-1c5e97e9d61f,ERROR: 0件,,
kitchen-sponge-comparison.md,2,スコッチ・ブライト キッチンスポンジ 抗菌 10個パック,1404,10個（約10ヶ月分）,https://hb.afl.rakuten.co.jp/hgc/g00r136n.3rdw697f.g00r136n.3rdw7383/?pc=https%3A%2F%2Fitem.rakuten.co.jp%2Frakuten24%2F18760%2F&m=http%3A%2F%2Fm.rakuten.co.jp%2Frakuten24%2Fi%2F10680576%2F&rafcid=wsc_i_is_42b71141-7589-447e-ab9f-1c5e97e9d61f,【送料込・まとめ買い×10点セット】スリーエムジャパン 3M キッチンスポンジ スコッチブライト 抗菌 ウレタンスポンジたわしS 2個パック(4549395107278),3876,△(別商品)
kitchen-sponge-comparison.md,3,ダスキン 台所用スポンジ 抗菌タイプ 6個セット,1060,6個（約6ヶ月分）,https://hb.afl.rakuten.co.jp/hgc/g00rj4rn.3rdw61f4.g00rj4rn.3rdw78f9/?pc=https%3A%2F%2Fitem.rakuten.co.jp%2Fpia-konodai%2F1000001200%2F&m=http%3A%2F%2Fm.rakuten.co.jp%2Fpia-konodai%2Fi%2F10000199%2F&rafcid=wsc_i_is_42b71141-7589-447e-ab9f-1c5e97e9d61f,【ヤマト運輸ネコポス追跡有】ダスキン台所用スポンジ抗菌タイプ色が選べるよりどり6個セット台所用スポンジ 抗菌 食器スポンジ 長持ち 食器,1060,○
kitchen-sponge-comparison.md,4,【お試し・初回購入限定】太陽油脂　パックスナチュロン　キッチンスポンジ,199,1個,https://hb.afl.rakuten.co.jp/hgc/g00ru0on.3rdw60b7.g00ru0on.3rdw7edf/?pc=https%3A%2F%2Fitem.rakuten.co.jp%2Fat-life%2F4904735053095-1%2F&m=http%3A%2F%2Fm.rakuten.co.jp%2Fat-life%2Fi%2F10029304%2F&rafcid=wsc_i_is_42b71141-7589-447e-ab9f-1c5e97e9d61f,【お試し・初回購入限定】太陽油脂　パックスナチュロン　キッチンスポンジ 1個入 PAX NATURONの束子・スポンジ ( 4904735053095 ) ※色は選べません ※本商品　初めての購入者限定価格　お一人様1回限り,199,○
laundry-bleach-comparison.md,1,ワイドハイターEX パワー 詰め替え用 大容量 880mL×2個,2360,880mL×2個（約120回分）,https://hb.afl.rakuten.co.jp/hgc/g00rvhdn.3rdw6896.g00rvhdn.3rdw7113/?pc=https%3A%2F%2Fitem.rakuten.co.jp%2Fdaily-shop%2F10000211%2F&m=http%3A%2F%2Fm.rakuten.co.jp%2Fdaily-shop%2Fi%2F10000211%2F&rafcid=wsc_i_is_42b71141-7589-447e-ab9f-1c5e97e9d61f,ERROR: 0件,,
laundry-bleach-comparison.md,2,オキシクリーン 1500g,3425,1500g（約75回分）,https://hb.afl.rakuten.co.jp/hgc/g00qx6in.3rdw6f17.g00qx6in.3rdw7fd9/?pc=https%3A%2F%2Fitem.rakuten.co.jp%2Fgood-mam88%2F309892sm%2F&m=http%3A%2F%2Fm.rakuten.co.jp%2Fgood-mam88%2Fi%2F10000609%2F&rafcid=wsc_i_is_42b71141-7589-447e-ab9f-1c5e97e9d61f,オキシクリーン 1500g 【オキシクリーン(OXI CLEAN)】 漂白剤,1650,△(別商品)
laundry-bleach-comparison.md,3,ブライトSTRONG 衣類用漂白剤 詰め替え 大容量 900mL,3680,900mL（約60回分）,https://hb.afl.rakuten.co.jp/hgc/g00udivn.3rdw6f9e.g00udivn.3rdw7dcb/?pc=https%3A%2F%2Fitem.rakuten.co.jp%2Fmk-mart2%2Fbright-strong%2F&m=http%3A%2F%2Fm.rakuten.co.jp%2Fmk-mart2%2Fi%2F10000572%2F&rafcid=wsc_i_is_42b71141-7589-447e-ab9f-1c5e97e9d61f,【まとめ買い 大容量】ブライトストロング 酸素系・濃縮タイプ 衣類用漂白剤 ブライトSTRONG 本体 510ml+つめかえ 900ml,1880,△(別商品)
laundry-bleach-comparison.md,4,洗たく槽クリーナー【2sh24】【シャボン玉石けん】,562,（500g）,https://hb.afl.rakuten.co.jp/hgc/g00r136n.3rdw697f.g00r136n.3rdw7383/?pc=https%3A%2F%2Fitem.rakuten.co.jp%2Frakuten24%2Fr001200200154%2F&m=http%3A%2F%2Fm.rakuten.co.jp%2Frakuten24%2Fi%2F10203982%2F&rafcid=wsc_i_is_42b71141-7589-447e-ab9f-1c5e97e9d61f,洗たく槽クリーナー(500g)【2sh24】【シャボン玉石けん】,562,○
laundry-detergent-comparison.md,1,アリエール 洗濯洗剤 液体 詰め替え 超ジャンボ 1000g×4セット,4078,4000g（約148回分）,https://hb.afl.rakuten.co.jp/hgc/g00r136n.3rdw697f.g00r136n.3rdw7383/?pc=https%3A%2F%2Fitem.rakuten.co.jp%2Frakuten24%2F405421%2F&m=http%3A%2F%2Fm.rakuten.co.jp%2Frakuten24%2Fi%2F11279561%2F&rafcid=wsc_i_is_42b71141-7589-447e-ab9f-1c5e97e9d61f,【1種類を選べる】 アリエール 洗濯洗剤 液体 詰め替え 超ジャンボ(1000g×4セット)【アリエール 液体】,4078,○
laundry-detergent-comparison.md,2,ボールド 洗濯洗剤 ジェルボール 4in1 詰め替え 65個,4480,65個（65回分）,https://hb.afl.rakuten.co.jp/hgc/g00t2ngn.3rdw6e7c.g00t2ngn.3rdw797f/?pc=https%3A%2F%2Fitem.rakuten.co.jp%2Fhikaritv%2F1710000080%2F&m=http%3A%2F%2Fm.rakuten.co.jp%2Fhikaritv%2Fi%2F10234804%2F&rafcid=wsc_i_is_42b71141-7589-447e-ab9f-1c5e97e9d61f,【最安値に挑戦！】 ボールド ジェルボール 4in1 ホワイトムスク&フローラルの香り 詰め替え 65個　選べるセット　1袋～4袋,2968,△(別商品)
laundry-gel-ball-comparison.md,1,アリエール ジェルボール4D 微香 詰め替え用 メガジャンボサイズ 332個 (83個×4),8700,332個（332回分）,https://hb.afl.rakuten.co.jp/hgc/g00r8mvn.3rdw64c9.g00r8mvn.3rdw71c9/?pc=https%3A%2F%2Fitem.rakuten.co.jp%2Fr-kojima%2F4987176194411%2F&m=http%3A%2F%2Fm.rakuten.co.jp%2Fr-kojima%2Fi%2F11431716%2F&rafcid=wsc_i_is_42b71141-7589-447e-ab9f-1c5e97e9d61f,P＆G　(ケース販売) アリエール ジェルボール4D微香 つめかえ用 メガジャンボサイズ 332個 (83個×4),8700,○
laundry-gel-ball-comparison.md,2,さらさ ジェルボール 詰め替え,1100,40個前後（商品により変動）,https://hb.afl.rakuten.co.jp/hgc/g00u59un.3rdw6a0f.g00u59un.3rdw7dbe/?pc=https%3A%2F%2Fitem.rakuten.co.jp%2Feinverse-hokkaido%2Frjk-10%2F&m=http%3A%2F%2Fm.rakuten.co.jp%2Feinverse-hokkaido%2Fi%2F10000108%2F&rafcid=wsc_i_is_42b71141-7589-447e-ab9f-1c5e97e9d61f,JK-0.5芯 サラサ3 サラサ4 サラサ2 よりどり選べる10本セット ジェル ボールペン替え芯 替芯 0.5mm 黒 赤 青 緑 RJK-BK RJK-BL RJK-R RJK-G ゼブラ SARASA3 ボールペン 芯 詰め替え 詰替,1100,○
laundry-gel-ball-comparison.md,3,アタックZERO ワンパック 7個パック,2280,7個（7回分）,https://hb.afl.rakuten.co.jp/hgc/g00ulujn.3rdw68ec.g00ulujn.3rdw7a89/?pc=https%3A%2F%2Fitem.rakuten.co.jp%2Flgo-2023%2F3931-000027%2F&m=http%3A%2F%2Fm.rakuten.co.jp%2Flgo-2023%2Fi%2F10000021%2F&rafcid=wsc_i_is_42b71141-7589-447e-ab9f-1c5e97e9d61f,花王　アタックZERO　ワンパック　7個パック,194,△(別商品)
laundry-gel-ball-comparison.md,4,ボールド ジェルボール 4in1 詰め替え メガジャンボ（選べる香り）,4480,55〜64個×2袋程度（商品により変動）,https://hb.afl.rakuten.co.jp/hgc/g00t2ngn.3rdw6e7c.g00t2ngn.3rdw797f/?pc=https%3A%2F%2Fitem.rakuten.co.jp%2Fhikaritv%2F1710000080%2F&m=http%3A%2F%2Fm.rakuten.co.jp%2Fhikaritv%2Fi%2F10234804%2F&rafcid=wsc_i_is_42b71141-7589-447e-ab9f-1c5e97e9d61f,ERROR: 0件,,
lint-roller-comparison.md,1,アイリスオーヤマ 粘着クリーナー スペアテープ 90巻入り,820,90巻（1巻90周）,https://hb.afl.rakuten.co.jp/hgc/g00qhoan.3rdw6e00.g00qhoan.3rdw73e2/?pc=https%3A%2F%2Fitem.rakuten.co.jp%2Fkurashikenkou%2F528254%2F&m=http%3A%2F%2Fm.rakuten.co.jp%2Fkurashikenkou%2Fi%2F10018584%2F&rafcid=wsc_i_is_42b71141-7589-447e-ab9f-1c5e97e9d61f,【100本入り】トルクル カーペットクリーナー スペアテープ ななめカット NC-SH90100P 90周巻 カーペットクリーナー 粘着クリーナー スペア ななめカット まとめ買い アイリスオーヤマ ケース 粘着 めくりやすい[2605SO],8120,△(別商品)
lint-roller-comparison.md,2,3M スコッチ ブライト 衣類用粘着クリーナー ペタコロ用ス,413,2巻,https://hb.afl.rakuten.co.jp/hgc/g00tiz9n.3rdw6353.g00tiz9n.3rdw771a/?pc=https%3A%2F%2Fitem.rakuten.co.jp%2Fprotoolshop%2F4547452231119%2F&m=http%3A%2F%2Fm.rakuten.co.jp%2Fprotoolshop%2Fi%2F10170127%2F&rafcid=wsc_i_is_42b71141-7589-447e-ab9f-1c5e97e9d61f,3M スコッチ・ブライト 衣類用粘着クリーナー ペタコロ用スペアテープ(2巻入) 836RP56-JA,413,○
lint-roller-comparison.md,3,レック 激コロ スゴ技カット スペアテープ 3巻入り,690,3巻（1巻70周）,https://hb.afl.rakuten.co.jp/hgc/g00ucoln.3rdw667d.g00ucoln.3rdw71eb/?pc=https%3A%2F%2Fitem.rakuten.co.jp%2Fenicy2022%2Ff671%2F&m=http%3A%2F%2Fm.rakuten.co.jp%2Fenicy2022%2Fi%2F10009158%2F&rafcid=wsc_i_is_42b71141-7589-447e-ab9f-1c5e97e9d61f,ERROR: 0件,,
lint-roller-comparison.md,4,ニトムズ コロコロ スペアテープ フロアクリン 3巻入り,4200,3巻（1巻40周）,https://hb.afl.rakuten.co.jp/hgc/g00qw0cn.3rdw6b5c.g00qw0cn.3rdw7b11/?pc=https%3A%2F%2Fitem.rakuten.co.jp%2Fhareya%2Fnc2500_5set%2F&m=http%3A%2F%2Fm.rakuten.co.jp%2Fhareya%2Fi%2F10000317%2F&rafcid=wsc_i_is_42b71141-7589-447e-ab9f-1c5e97e9d61f,ニトムズ コロコロフロアクリンスペアテープ45周3巻入り C4352,825,△(別商品)
mask-comparison.md,1,【50枚入×2箱セット】大王製紙 大王製紙 エリエール サー,2600,50枚×2,https://hb.afl.rakuten.co.jp/hgc/g00trvxn.3rdw692d.g00trvxn.3rdw77c2/?pc=https%3A%2F%2Fitem.rakuten.co.jp%2Frunnrunn-shop%2Fdaiomask-2%2F&m=http%3A%2F%2Fm.rakuten.co.jp%2Frunnrunn-shop%2Fi%2F10000121%2F&rafcid=wsc_i_is_42b71141-7589-447e-ab9f-1c5e97e9d61f,【50枚入×2箱セット】大王製紙 大王製紙 エリエール サージカルマスク 日本製正規品「ハイパーブロックマスク 」ウイルスブロック ふつうサイズ 立体プリーツ構造　息苦しさを軽減します 100枚入 エリエールマスク 母の日,2600,○
mask-comparison.md,2,【夜の市★合算2千円超で送料無料対象】【数量限定】白元アース ビースタイル 立体,840,20枚,https://hb.afl.rakuten.co.jp/hgc/g00ru0on.3rdw60b7.g00ru0on.3rdw7edf/?pc=https%3A%2F%2Fitem.rakuten.co.jp%2Fat-life%2F4902407581938-yoru202410%2F&m=http%3A%2F%2Fm.rakuten.co.jp%2Fat-life%2Fi%2F12617577%2F&rafcid=wsc_i_is_42b71141-7589-447e-ab9f-1c5e97e9d61f,【夜の市★合算2千円超で送料無料対象】【数量限定】白元アース ビースタイル 立体タイプ ふつうサイズ アッシュピンク×グレー 20枚入 大人用 マスク（4902407581938）※パッケージ変更の場合あり,840,○
mask-comparison.md,3,ユニ・チャーム 超快適マスク プリーツタイプ ふつうサイズ 50枚入,2260,50枚入,https://hb.afl.rakuten.co.jp/hgc/g00ugwon.3rdw61af.g00ugwon.3rdw786a/?pc=https%3A%2F%2Fitem.rakuten.co.jp%2Fechi-zen-r%2Fcho-kaiteki-mask-m-50-1pc%2F&m=http%3A%2F%2Fm.rakuten.co.jp%2Fechi-zen-r%2Fi%2F10000005%2F&rafcid=wsc_i_is_42b71141-7589-447e-ab9f-1c5e97e9d61f,ユニ・チャーム 超快適マスク ふつうサイズ 50枚入 日本製 風邪 花粉 感染予防 プリーツタイプ 不織布マスク 大容量,2260,○
mask-comparison.md,4,【1点限り！令和お試し価格】アイリスオーヤマ ナノエアーマスク,320,7枚,https://hb.afl.rakuten.co.jp/hgc/g00ru0on.3rdw60b7.g00ru0on.3rdw7edf/?pc=https%3A%2F%2Fitem.rakuten.co.jp%2Fat-life%2F4967576481694-today%2F&m=http%3A%2F%2Fm.rakuten.co.jp%2Fat-life%2Fi%2F12363072%2F&rafcid=wsc_i_is_42b71141-7589-447e-ab9f-1c5e97e9d61f,【1点限り！令和お試し価格】アイリスオーヤマ ナノエアーマスク 7枚入り　日本製　個別包装　ふつうサイズ　大人用　ホワイト（9cm×17.5cm）（4967576481694）,320,○
moisture-absorber-comparison.md,1,水とりぞうさん 除湿剤 3個入×15個セット（タンクタイプ）,4280,"550mL×45個（24,750mL分）",https://hb.afl.rakuten.co.jp/hgc/g00q728n.3rdw6c21.g00q728n.3rdw754f/?pc=https%3A%2F%2Fitem.rakuten.co.jp%2Flivingut%2F4904637999866set%2F&m=http%3A%2F%2Fm.rakuten.co.jp%2Flivingut%2Fi%2F10017235%2F&rafcid=wsc_i_is_42b71141-7589-447e-ab9f-1c5e97e9d61f,水とりぞうさん 除湿剤 3個入×15個セット （ 置き型 除湿 強力脱臭 防臭 防カビ 吸湿量 550g 45個 タンクタイプ 湿気取り 吸湿 みずとりぞうさん 水とりゾウさん ）,4280,○
moisture-absorber-comparison.md,2,備長炭ドライペット 除湿剤 タンクタイプ どこでも用（3個パック×6個）,1914,"420mL×18個（7,560mL分）",https://hb.afl.rakuten.co.jp/hgc/g00r136n.3rdw697f.g00r136n.3rdw7383/?pc=https%3A%2F%2Fitem.rakuten.co.jp%2Frakuten24%2F4901070939398%2F&m=http%3A%2F%2Fm.rakuten.co.jp%2Frakuten24%2Fi%2F11075355%2F&rafcid=wsc_i_is_42b71141-7589-447e-ab9f-1c5e97e9d61f,ケース販売 備長炭ドライペット 除湿剤 タンクタイプ どこでも用(3個パック×6個)【ドライペット】,1914,○
moisture-absorber-comparison.md,3,激乾 除湿剤 タンクタイプ（400mL×3個パック）,421,"400mL×3個（1,200mL分）",https://hb.afl.rakuten.co.jp/hgc/g00ramcn.3rdw6d52.g00ramcn.3rdw79d0/?pc=https%3A%2F%2Fitem.rakuten.co.jp%2Frcmdse%2Fho-4902424439014%2F&m=http%3A%2F%2Fm.rakuten.co.jp%2Frcmdse%2Fi%2F14732325%2F&rafcid=wsc_i_is_42b71141-7589-447e-ab9f-1c5e97e9d61f,ERROR: 0件,,
moisture-absorber-comparison.md,4,備長炭ドライペット 除湿剤 シートタイプ クローゼット用(122g×2枚入),757,122g×2枚入,https://hb.afl.rakuten.co.jp/hgc/g00r136n.3rdw697f.g00r136n.3rdw7383/?pc=https%3A%2F%2Fitem.rakuten.co.jp%2Frakuten24%2Fe426969h%2F&m=http%3A%2F%2Fm.rakuten.co.jp%2Frakuten24%2Fi%2F10517510%2F&rafcid=wsc_i_is_42b71141-7589-447e-ab9f-1c5e97e9d61f,備長炭ドライペット 除湿剤 シートタイプ クローゼット用(122g×2枚入)【備長炭ドライペット】,757,○
moisture-absorber-comparison.md,5,SUPER除湿 大容量,445,"800mL×3個（2,400mL分）",https://hb.afl.rakuten.co.jp/hgc/g00qvyfn.3rdw6a92.g00qvyfn.3rdw717f/?pc=https%3A%2F%2Fitem.rakuten.co.jp%2Fsundrug%2F4560309810022%2F&m=http%3A%2F%2Fm.rakuten.co.jp%2Fsundrug%2Fi%2F10077258%2F&rafcid=wsc_i_is_42b71141-7589-447e-ab9f-1c5e97e9d61f,アドグッド SUPER除湿 大容量 800mlx3個パック,445,○
moisture-absorber-comparison.md,6,ドライドライUP NECO,4081,"1000mL×2個×8箱（合計16個・16,000mL分）",https://hb.afl.rakuten.co.jp/hgc/g00r136n.3rdw697f.g00r136n.3rdw7383/?pc=https%3A%2F%2Fitem.rakuten.co.jp%2Frakuten24%2F541802%2F&m=http%3A%2F%2Fm.rakuten.co.jp%2Frakuten24%2Fi%2F11126411%2F&rafcid=wsc_i_is_42b71141-7589-447e-ab9f-1c5e97e9d61f,ドライ＆ドライUP NECO フローラルブーケの香り 1000ml*2個入 【ドライ＆ドライアップ】 除湿剤・乾燥剤,518,△(別商品)
moisture-absorber-comparison.md,7,炭八 室内用,2376,12L大袋×4個セット,https://hb.afl.rakuten.co.jp/hgc/g00s69sn.3rdw615f.g00s69sn.3rdw718e/?pc=https%3A%2F%2Fitem.rakuten.co.jp%2Fienolabo%2Fielabo100031%2F&m=http%3A%2F%2Fm.rakuten.co.jp%2Fienolabo%2Fi%2F10000031%2F&rafcid=wsc_i_is_42b71141-7589-447e-ab9f-1c5e97e9d61f,【レビューで炭八GET！】炭八 室内用 大袋 4個セット 12L 除湿対策 湿気対策 繰り返し使える 室内用 除湿剤 ペット 消臭 出雲屋炭八 調湿 乾燥材 調湿木炭 脱臭 湿気取り 湿気とり 湿気対策 衣替え 結露 結露防止 正規店,2376,○
moisture-absorber-comparison.md,8,MK除湿剤 タンクタイプ炭入り,273,30個パック,https://hb.afl.rakuten.co.jp/hgc/g00rqszn.3rdw6b20.g00rqszn.3rdw7361/?pc=https%3A%2F%2Fitem.rakuten.co.jp%2Fmatsukiyo%2F4562184191272%2F&m=http%3A%2F%2Fm.rakuten.co.jp%2Fmatsukiyo%2Fi%2F10492864%2F&rafcid=wsc_i_is_42b71141-7589-447e-ab9f-1c5e97e9d61f,MK除湿剤 タンクタイプ炭入り 3P,273,○
moisture-absorber-comparison.md,9,備長炭ドライペット 除湿剤 シートタイプ クローゼット用【備長炭ドライペット】,787,122g×2枚,https://hb.afl.rakuten.co.jp/hgc/g00r7ldn.3rdw6378.g00r7ldn.3rdw7abf/?pc=https%3A%2F%2Fitem.rakuten.co.jp%2Fbiccamera%2F4901070909681%2F&m=http%3A%2F%2Fm.rakuten.co.jp%2Fbiccamera%2Fi%2F11043165%2F&rafcid=wsc_i_is_42b71141-7589-447e-ab9f-1c5e97e9d61f,エステー｜S.T 備長炭ドライペット 除湿剤 湿気取り 脱臭 シートタイプ クローゼット用 2枚入【rb_pcp】,787,○
moisture-absorber-comparison.md,10,水とりぞうさん 防虫剤付クローゼット用,833,2シート入り,https://hb.afl.rakuten.co.jp/hgc/g00ru0on.3rdw60b7.g00ru0on.3rdw7edf/?pc=https%3A%2F%2Fitem.rakuten.co.jp%2Fat-life%2F4547691783899%2F&m=http%3A%2F%2Fm.rakuten.co.jp%2Fat-life%2Fi%2F10411490%2F&rafcid=wsc_i_is_42b71141-7589-447e-ab9f-1c5e97e9d61f,オカモト 水とりぞうさん 防虫剤付クローゼット用 2P,878,△(別商品)
moth-repellent-comparison.md,1,アース製薬 衣類防虫剤 クローゼット 24個入,616,24個入,https://hb.afl.rakuten.co.jp/hgc/g00rqszn.3rdw6b20.g00rqszn.3rdw7361/?pc=https%3A%2F%2Fitem.rakuten.co.jp%2Fmatsukiyo%2F4901080158819%2F&m=http%3A%2F%2Fm.rakuten.co.jp%2Fmatsukiyo%2Fi%2F10561767%2F&rafcid=wsc_i_is_42b71141-7589-447e-ab9f-1c5e97e9d61f,【単品24個セット】 アース製薬 ピレパラアース クローゼット用 無臭タイプ 8個入(代引不可)【送料無料】,16299,△(別商品)
moth-repellent-comparison.md,2,大日本除蟲菊 タンスにゴンゴン 衣類の防虫剤 クローゼット用 無臭,657,3個,https://hb.afl.rakuten.co.jp/hgc/g00rqszn.3rdw6b20.g00rqszn.3rdw7361/?pc=https%3A%2F%2Fitem.rakuten.co.jp%2Fmatsukiyo%2F4987115842472%2F&m=http%3A%2F%2Fm.rakuten.co.jp%2Fmatsukiyo%2Fi%2F10436024%2F&rafcid=wsc_i_is_42b71141-7589-447e-ab9f-1c5e97e9d61f,大日本除蟲菊 タンスにゴンゴン 衣類の防虫剤 クローゼット用 無臭 （1年防虫・防カビ・ダニよけ） 3個,657,○
moth-repellent-comparison.md,3,ムシューダ クローゼット用 衣類用 防虫剤 防カビ剤配合 無香タイプ 1年間有効,1628,3個×2,https://hb.afl.rakuten.co.jp/hgc/g00r136n.3rdw697f.g00r136n.3rdw7383/?pc=https%3A%2F%2Fitem.rakuten.co.jp%2Frakuten24%2F65240%2F&m=http%3A%2F%2Fm.rakuten.co.jp%2Frakuten24%2Fi%2F10902781%2F&rafcid=wsc_i_is_42b71141-7589-447e-ab9f-1c5e97e9d61f,ムシューダ クローゼット用 衣類用 防虫剤 防カビ剤配合 無香タイプ 1年間有効(3個入×2箱セット)【ムシューダ】,1628,○
moth-repellent-comparison.md,4,【5個セット】 大日本除虫菊 金鳥 蚊に効く 虫コナーズプレ,6584,（1個）,https://hb.afl.rakuten.co.jp/hgc/g00r9icn.3rdw664a.g00r9icn.3rdw7660/?pc=https%3A%2F%2Fitem.rakuten.co.jp%2Fbloomgreen%2F8111242%2F&m=http%3A%2F%2Fm.rakuten.co.jp%2Fbloomgreen%2Fi%2F10498570%2F&rafcid=wsc_i_is_42b71141-7589-447e-ab9f-1c5e97e9d61f,【5個セット】 大日本除虫菊（金鳥） 蚊に効く虫コナーズプレミアム玄関用366日 虫コナーズ 置き型タイプ 虫コナーズプレミアム キンチョー蚊に効く 害虫対策 防虫 蚊除け 無臭 害虫駆除 吊るす 蚊取り 掃除 屋内 防虫剤 玄関 洗剤 虫よけ キンチョウ,6349,△(別商品)
mouthwash-comparison.md,1,リステリン トータルケアプラス 1000mL×4本セット,3980,1000mL×4本セット（約6ヶ月分）,https://hb.afl.rakuten.co.jp/hgc/g00r136n.3rdw697f.g00r136n.3rdw7383/?pc=https%3A%2F%2Fitem.rakuten.co.jp%2Frakuten24%2F89402%2F&m=http%3A%2F%2Fm.rakuten.co.jp%2Frakuten24%2Fi%2F10982576%2F&rafcid=wsc_i_is_42b71141-7589-447e-ab9f-1c5e97e9d61f,（4本セット リステリン トータルケアプラス 1000ml×4本 クリーンミント味）1L アルコール含有 歯 口 着色 汚れ 口内 歯肉炎 ボトル まとめ買い 73815,4380,△(別商品)
mouthwash-comparison.md,2,GUM デンタルリンス ナイトケア 900mL,1038,900mL（約1.5ヶ月分）,https://hb.afl.rakuten.co.jp/hgc/g00pp25n.3rdw63dd.g00pp25n.3rdw7c22/?pc=https%3A%2F%2Fitem.rakuten.co.jp%2Fwellness-web%2F10035032%2F&m=http%3A%2F%2Fm.rakuten.co.jp%2Fwellness-web%2Fi%2F10035032%2F&rafcid=wsc_i_is_42b71141-7589-447e-ab9f-1c5e97e9d61f,ガム(G・U・M) デンタルリンス ナイトケア リフレッシュハーブタイプ 900ml 【ガム(G・U・M)】 口臭対策,873,△(別商品)
mouthwash-comparison.md,3,モンダミン プレミアムケア 1300mL,5280,1300mL（約2ヶ月分）,https://hb.afl.rakuten.co.jp/hgc/g00r136n.3rdw697f.g00r136n.3rdw7383/?pc=https%3A%2F%2Fitem.rakuten.co.jp%2Frakuten24%2F73617%2F&m=http%3A%2F%2Fm.rakuten.co.jp%2Frakuten24%2Fi%2F10938988%2F&rafcid=wsc_i_is_42b71141-7589-447e-ab9f-1c5e97e9d61f,モンダミン プレミアムケア マウスウォッシュ 洗口液 1300ml×6個セット,5980,△(別商品)
mouthwash-comparison.md,4,コンクールF 100mL,2100,100mL（約700回分）,https://hb.afl.rakuten.co.jp/hgc/g00r6h3n.3rdw6e54.g00r6h3n.3rdw719f/?pc=https%3A%2F%2Fitem.rakuten.co.jp%2Fd-fit%2Fdf2819%2F&m=http%3A%2F%2Fm.rakuten.co.jp%2Fd-fit%2Fi%2F10012094%2F&rafcid=wsc_i_is_42b71141-7589-447e-ab9f-1c5e97e9d61f,【★先着100円OFFクーポン＋エントリーP5倍 5/9 20:00-5/16 1:59】マウスウォッシュ 選べる2本セット ウェルテック コンクールF(100ml) 【 Weltec Concool 】 ジェルコートF(90g)（メール便2セットまで）【メール便選択で送料無料】 洗口液,2100,○
room-deodorizer-comparison.md,1,リセッシュ 除菌EX ワイドジェット ストロング 香りが残らないタイプ つめかえ,3080,630ml×4,https://hb.afl.rakuten.co.jp/hgc/g00r136n.3rdw697f.g00r136n.3rdw7383/?pc=https%3A%2F%2Fitem.rakuten.co.jp%2Frakuten24%2F580764%2F&m=http%3A%2F%2Fm.rakuten.co.jp%2Frakuten24%2Fi%2F11272901%2F&rafcid=wsc_i_is_42b71141-7589-447e-ab9f-1c5e97e9d61f,リセッシュ 除菌EX ワイドジェット ストロング 香りが残らないタイプ つめかえ用(630ml×4セット)【リセッシュ】,3080,○
room-deodorizer-comparison.md,2,リセッシュ 消臭スプレー 除菌EX 香りが残らないタイプ 詰替大(700ml*3袋セット),2040,700mL×3袋（2100mL）,https://hb.afl.rakuten.co.jp/hgc/g00r136n.3rdw697f.g00r136n.3rdw7383/?pc=https%3A%2F%2Fitem.rakuten.co.jp%2Frakuten24%2F511307%2F&m=http%3A%2F%2Fm.rakuten.co.jp%2Frakuten24%2Fi%2F11059514%2F&rafcid=wsc_i_is_42b71141-7589-447e-ab9f-1c5e97e9d61f,リセッシュ 消臭スプレー 除菌EX 香りが残らないタイプ 詰替大(700ml*3袋セット)【リセッシュ】,2040,○
room-deodorizer-comparison.md,3,無香空間 本体 315g,448,315g,https://hb.afl.rakuten.co.jp/hgc/g00prckn.3rdw63f4.g00prckn.3rdw7c9f/?pc=https%3A%2F%2Fitem.rakuten.co.jp%2Fonestep%2Fkb0017%2F&m=http%3A%2F%2Fm.rakuten.co.jp%2Fonestep%2Fi%2F10009562%2F&rafcid=wsc_i_is_42b71141-7589-447e-ab9f-1c5e97e9d61f,無香空間 本体 315g 小林製薬,448,○
room-deodorizer-comparison.md,4,ファブリーズ W除菌+消臭スプレー 衣類・布製品用 香りが残らない 詰め替え 4回分(1280ml×2セット),3132,1280ml×2セット（合計2560ml、4回分×2）,https://hb.afl.rakuten.co.jp/hgc/g00r136n.3rdw697f.g00r136n.3rdw7383/?pc=https%3A%2F%2Fitem.rakuten.co.jp%2Frakuten24%2F598756%2F&m=http%3A%2F%2Fm.rakuten.co.jp%2Frakuten24%2Fi%2F11321889%2F&rafcid=wsc_i_is_42b71141-7589-447e-ab9f-1c5e97e9d61f,ファブリーズ W除菌+消臭スプレー 衣類・布製品用 香りが残らない 詰め替え 4回分(1280ml×2セット)【ファブリーズ(febreze)】,3132,○
room-dry-detergent-comparison.md,1,アタック 抗菌EX 部屋干し用 詰め替え 2380g×6個セット,6980,2380g×6個（約476回分）,https://hb.afl.rakuten.co.jp/hgc/g00u7dvn.3rdw6bc7.g00u7dvn.3rdw7a34/?pc=https%3A%2F%2Fitem.rakuten.co.jp%2Fsuterastar%2Fb0d4z7rrlp-6%2F&m=http%3A%2F%2Fm.rakuten.co.jp%2Fsuterastar%2Fi%2F10002720%2F&rafcid=wsc_i_is_42b71141-7589-447e-ab9f-1c5e97e9d61f,アタック抗菌EX 部屋干し用 洗濯洗剤 液体 じめじめ密集干しでも強力消臭 つめかえ用 2380g ×6個セット 4901301452146 /,6980,○
room-dry-detergent-comparison.md,2,トップ スーパーナノックス ニオイ専用 部屋干し 詰め替え 1510g×6個セット,18800,1510g×6個（約363回分）,https://hb.afl.rakuten.co.jp/hgc/g00u4qcn.3rdw6396.g00u4qcn.3rdw78c2/?pc=https%3A%2F%2Fitem.rakuten.co.jp%2Fplatinum-eight%2F425%2F&m=http%3A%2F%2Fm.rakuten.co.jp%2Fplatinum-eight%2Fi%2F10000459%2F&rafcid=wsc_i_is_42b71141-7589-447e-ab9f-1c5e97e9d61f,【まとめ買い 1510×6袋】トップ スーパーナノックス ニオイ専用 プレミアム抗菌処方 部屋干し 洗剤 ウルトラジャンボ 1510g 6個セット 洗濯洗剤 液体 詰め替え,18800,○
room-dry-detergent-comparison.md,3,アリエール ジェルボール4D 部屋干し用 詰め替え 140個入り,4398,140個（140回分）,https://hb.afl.rakuten.co.jp/hgc/g00qx6in.3rdw6f17.g00qx6in.3rdw7fd9/?pc=https%3A%2F%2Fitem.rakuten.co.jp%2Fgood-mam88%2F10001948%2F&m=http%3A%2F%2Fm.rakuten.co.jp%2Fgood-mam88%2Fi%2F10001948%2F&rafcid=wsc_i_is_42b71141-7589-447e-ab9f-1c5e97e9d61f,（緑）アリエール140個入り 洗濯洗剤 ジェルボール プロ 部屋干し用つめかえ 送料無料抗菌 ピーアンドジー ジェルボール4D アリエールジェルボール ジェル コストコ通販,4398,○
room-dry-detergent-comparison.md,4,【送料無料】部屋干しトップ 除菌EX つめかえ用,4700,810g×10個,https://hb.afl.rakuten.co.jp/hgc/g00tgean.3rdw65b6.g00tgean.3rdw7d21/?pc=https%3A%2F%2Fitem.rakuten.co.jp%2Fyyshop-japan%2Fjan-4903301340133-10%2F&m=http%3A%2F%2Fm.rakuten.co.jp%2Fyyshop-japan%2Fi%2F10015523%2F&rafcid=wsc_i_is_42b71141-7589-447e-ab9f-1c5e97e9d61f,【送料無料】部屋干しトップ 除菌EX つめかえ用 810gx10個 ライオン,4700,○
sanitary-napkin-comparison.md,1,ソフィ はだおもい 極うすスリム 多い昼〜ふつうの日用 21cm 羽なし【ソフィ,416,27枚,https://hb.afl.rakuten.co.jp/hgc/g00qkwxn.3rdw6942.g00qkwxn.3rdw7551/?pc=https%3A%2F%2Fitem.rakuten.co.jp%2Fat-tsuhan%2F4903111361922%2F&m=http%3A%2F%2Fm.rakuten.co.jp%2Fat-tsuhan%2Fi%2F10047327%2F&rafcid=wsc_i_is_42b71141-7589-447e-ab9f-1c5e97e9d61f,ユニチャーム ソフィ はだおもい 極うすスリム 多い昼〜ふつうの日用 羽なし 21cm (27枚) 生理用ナプキン 備蓄　【医薬部外品】,468,△(別商品)
sanitary-napkin-comparison.md,2,エリス 素肌のきもち ルナフィット 超スリム 多い昼〜ふつうの日用 羽なし 20,2183,27枚×5,https://hb.afl.rakuten.co.jp/hgc/g00r136n.3rdw697f.g00r136n.3rdw7383/?pc=https%3A%2F%2Fitem.rakuten.co.jp%2Frakuten24%2F600587%2F&m=http%3A%2F%2Fm.rakuten.co.jp%2Frakuten24%2Fi%2F11325644%2F&rafcid=wsc_i_is_42b71141-7589-447e-ab9f-1c5e97e9d61f,エリス 素肌のきもち ルナフィット 超スリム 多い昼〜ふつうの日用 羽なし 20.5cm(27枚入×5セット)【elis(エリス)】,2183,○
sanitary-napkin-comparison.md,3,ロリエ 多い昼 羽つき 30枚入,529,30枚入,https://hb.afl.rakuten.co.jp/hgc/g00r136n.3rdw697f.g00r136n.3rdw7383/?pc=https%3A%2F%2Fitem.rakuten.co.jp%2Frakuten24%2Fa001256000944%2F&m=http%3A%2F%2Fm.rakuten.co.jp%2Frakuten24%2Fi%2F10123008%2F&rafcid=wsc_i_is_42b71141-7589-447e-ab9f-1c5e97e9d61f,ERROR: 0件,,
sanitary-napkin-comparison.md,4,ウィスパー うすさら 28枚入,6558,28枚入,https://hb.afl.rakuten.co.jp/hgc/g00r136n.3rdw697f.g00r136n.3rdw7383/?pc=https%3A%2F%2Fitem.rakuten.co.jp%2Frakuten24%2F405705%2F&m=http%3A%2F%2Fm.rakuten.co.jp%2Frakuten24%2Fi%2F11299524%2F&rafcid=wsc_i_is_42b71141-7589-447e-ab9f-1c5e97e9d61f,ERROR: 0件,,
sanitizing-spray-comparison.md,1,フマキラー キッチン用 アルコール除菌スプレー 詰め替え 720mL×2本,657,720mL×2本（1440mL）,https://hb.afl.rakuten.co.jp/hgc/g00r136n.3rdw697f.g00r136n.3rdw7383/?pc=https%3A%2F%2Fitem.rakuten.co.jp%2Frakuten24%2F4902424441727%2F&m=http%3A%2F%2Fm.rakuten.co.jp%2Frakuten24%2Fi%2F10675585%2F&rafcid=wsc_i_is_42b71141-7589-447e-ab9f-1c5e97e9d61f,ERROR: 0件,,
sanitizing-spray-comparison.md,2,カビキラー アルコール除菌 キッチン用 詰め替え 630mL×3本,1130,630mL×3本（1890mL）,https://hb.afl.rakuten.co.jp/hgc/g00r136n.3rdw697f.g00r136n.3rdw7383/?pc=https%3A%2F%2Fitem.rakuten.co.jp%2Frakuten24%2F4901609016491%2F&m=http%3A%2F%2Fm.rakuten.co.jp%2Frakuten24%2Fi%2F11230047%2F&rafcid=wsc_i_is_42b71141-7589-447e-ab9f-1c5e97e9d61f,ERROR: 0件,,
sanitizing-spray-comparison.md,3,パストリーゼ77 スプレーヘッド付き 800mL,1944,800mL,https://hb.afl.rakuten.co.jp/hgc/g00r136n.3rdw697f.g00r136n.3rdw7383/?pc=https%3A%2F%2Fitem.rakuten.co.jp%2Frakuten24%2Fa001204134002%2F&m=http%3A%2F%2Fm.rakuten.co.jp%2Frakuten24%2Fi%2F10023547%2F&rafcid=wsc_i_is_42b71141-7589-447e-ab9f-1c5e97e9d61f,ERROR: 0件,,
sanitizing-spray-comparison.md,4,手ピカスプレー 消毒用アルコール 420mL,4961,420mL,https://hb.afl.rakuten.co.jp/hgc/g00ru0on.3rdw60b7.g00ru0on.3rdw7edf/?pc=https%3A%2F%2Fitem.rakuten.co.jp%2Fat-life%2F103-4987286415437-10%2F&m=http%3A%2F%2Fm.rakuten.co.jp%2Fat-life%2Fi%2F12254363%2F&rafcid=wsc_i_is_42b71141-7589-447e-ab9f-1c5e97e9d61f,【送料込・まとめ買い×10個セット】健栄製薬 手ピカスプレー　つけかえ 手指消毒用アルコールスプレー 420ml,4961,○
sensitive-softener-comparison.md,1,ファーファ フリー&（フリーアンド）柔軟剤 無香料 詰め替え 480mL×3袋,1370,480mL×3袋（約90回分）,https://hb.afl.rakuten.co.jp/hgc/g00psx0n.3rdw6310.g00psx0n.3rdw7f9b/?pc=https%3A%2F%2Fitem.rakuten.co.jp%2Fnissansoap%2Fs970428%2F&m=http%3A%2F%2Fm.rakuten.co.jp%2Fnissansoap%2Fi%2F10002109%2F&rafcid=wsc_i_is_42b71141-7589-447e-ab9f-1c5e97e9d61f,ERROR: 0件,,
sensitive-softener-comparison.md,2,ランドリン ボタニカル 柔軟剤 リラックスグリーンティー 詰め替え 大容量 860mL,1042,860mL（約43回分）,https://hb.afl.rakuten.co.jp/hgc/g00r136n.3rdw697f.g00r136n.3rdw7383/?pc=https%3A%2F%2Fitem.rakuten.co.jp%2Frakuten24%2Fe534100h%2F&m=http%3A%2F%2Fm.rakuten.co.jp%2Frakuten24%2Fi%2F10635765%2F&rafcid=wsc_i_is_42b71141-7589-447e-ab9f-1c5e97e9d61f,ランドリンボタニカル 柔軟剤 リラックスグリーンティー 大容量 詰め替え(860ml)【ランドリン】[花粉吸着防止],1042,○
sensitive-softener-comparison.md,3,さらさ 柔軟剤 詰め替え 超特大 850mL×2袋,2664,850mL×2袋（約100回分）,https://hb.afl.rakuten.co.jp/hgc/g00r1osn.3rdw6db5.g00r1osn.3rdw76c6/?pc=https%3A%2F%2Fitem.rakuten.co.jp%2Fsarasa-designstore%2Fset-ls021x3%2F&m=http%3A%2F%2Fm.rakuten.co.jp%2Fsarasa-designstore%2Fi%2F10002237%2F&rafcid=wsc_i_is_42b71141-7589-447e-ab9f-1c5e97e9d61f,ERROR: 0件,,
sensitive-softener-comparison.md,4,ベビーファーファ 柔軟剤 600mL×3本,8178,600mL×3本（約90回分）,https://hb.afl.rakuten.co.jp/hgc/g00u3i4n.3rdw6daa.g00u3i4n.3rdw7473/?pc=https%3A%2F%2Fitem.rakuten.co.jp%2Fgr-online%2Fooc91bd2d3ac%2F&m=http%3A%2F%2Fm.rakuten.co.jp%2Fgr-online%2Fi%2F10045762%2F&rafcid=wsc_i_is_42b71141-7589-447e-ab9f-1c5e97e9d61f,ERROR: 0件,,
shampoo-comparison.md,1,いち髪 なめらかスムースケア シャンプー 詰め替え 660mL×2個,1000,660mL×2個（約6ヶ月分）,https://hb.afl.rakuten.co.jp/hgc/g00uhm1n.3rdw621b.g00uhm1n.3rdw7ede/?pc=https%3A%2F%2Fitem.rakuten.co.jp%2Fonestep0104%2Fichikami-smth%2F&m=http%3A%2F%2Fm.rakuten.co.jp%2Fonestep0104%2Fi%2F10000229%2F&rafcid=wsc_i_is_42b71141-7589-447e-ab9f-1c5e97e9d61f,送料無料 ［2個セット］いち髪　なめらかスムースケアシャンプー　詰替用　660mL×2個 ●翌日配達「あす楽」対象商品（休業日を除く）●,2520,△(別商品)
shampoo-comparison.md,2,メリット シャンプー 詰め替え 大容量 1200mL,1640,1200mL（約4ヶ月分）,https://hb.afl.rakuten.co.jp/hgc/g00tvt5n.3rdw6d57.g00tvt5n.3rdw7e99/?pc=https%3A%2F%2Fitem.rakuten.co.jp%2Fspeedy-street%2F4901301314543%2F&m=http%3A%2F%2Fm.rakuten.co.jp%2Fspeedy-street%2Fi%2F10000736%2F&rafcid=wsc_i_is_42b71141-7589-447e-ab9f-1c5e97e9d61f,大容量メリット シャンプー つめかえ用 [医薬部外品] 1200ml,2311,△(別商品)
shampoo-comparison.md,3,パンテーン エクストラダメージケア シャンプー 詰め替え 超特大 950mL,3980,950mL（約3ヶ月分）,https://hb.afl.rakuten.co.jp/hgc/g00tynxn.3rdw6ad8.g00tynxn.3rdw7e17/?pc=https%3A%2F%2Fitem.rakuten.co.jp%2Fkzstore%2F2734-000217%2F&m=http%3A%2F%2Fm.rakuten.co.jp%2Fkzstore%2Fi%2F10000068%2F&rafcid=wsc_i_is_42b71141-7589-447e-ab9f-1c5e97e9d61f,パンテーン シャンプー エクストラダメージケア 詰め替え 超特大 950mL,1977,△(別商品)
shampoo-comparison.md,4,LUX スーパーリッチシャイン ダメージリペア シャンプー 詰め替え 660g,2480,660g（約2ヶ月分）,https://hb.afl.rakuten.co.jp/hgc/g00ub9fn.3rdw617e.g00ub9fn.3rdw7fc0/?pc=https%3A%2F%2Fitem.rakuten.co.jp%2Fshop-pal%2Fdamage-repair%2F&m=http%3A%2F%2Fm.rakuten.co.jp%2Fshop-pal%2Fi%2F10000671%2F&rafcid=wsc_i_is_42b71141-7589-447e-ab9f-1c5e97e9d61f,ERROR: 0件,,
storage-bag-comparison.md,1,アイラップ 60枚入×5箱セット,2420,60枚×5箱（300枚）,https://hb.afl.rakuten.co.jp/hgc/g00qn4on.3rdw6e6d.g00qn4on.3rdw7c3c/?pc=https%3A%2F%2Fitem.rakuten.co.jp%2Fyamayuu%2Fyj-3976%2F&m=http%3A%2F%2Fm.rakuten.co.jp%2Fyamayuu%2Fi%2F10020394%2F&rafcid=wsc_i_is_42b71141-7589-447e-ab9f-1c5e97e9d61f,ERROR: 0件,,
storage-bag-comparison.md,2,ジップロック ストックバッグ L 大容量 32枚入×3箱,1350,32枚×3箱（96枚）,https://example.com/placeholder/ziploc-stock-l-96,URLエラー,,
storage-bag-comparison.md,3,ジップロック フリーザーバッグ M 90枚入,1280,90枚,https://example.com/placeholder/ziploc-m-90,URLエラー,,
storage-bag-comparison.md,4,業務用 チャック付きポリ袋 B5サイズ 100枚入,8510,100枚,https://hb.afl.rakuten.co.jp/hgc/g00pwv9n.3rdw663c.g00pwv9n.3rdw7da1/?pc=https%3A%2F%2Fitem.rakuten.co.jp%2Fa-gallery%2Fds-1530040%2F&m=http%3A%2F%2Fm.rakuten.co.jp%2Fa-gallery%2Fi%2F10414572%2F&rafcid=wsc_i_is_42b71141-7589-447e-ab9f-1c5e97e9d61f,ERROR: 0件,,
sunscreen-comparison.md,1,ロート製薬 スキンアクア スーパーモイスチャージェル ポンプ SPF50+ PA,897,（140g）,https://hb.afl.rakuten.co.jp/hgc/g00rbnvn.3rdw6e69.g00rbnvn.3rdw7dd2/?pc=https%3A%2F%2Fitem.rakuten.co.jp%2Ftsuruha%2F10156053%2F&m=http%3A%2F%2Fm.rakuten.co.jp%2Ftsuruha%2Fi%2F10092000%2F&rafcid=wsc_i_is_42b71141-7589-447e-ab9f-1c5e97e9d61f,ロート製薬 スキンアクア スーパーモイスチャージェル ポンプ (140g) SPF50+ PA++++ 顔 からだ用 日やけ止めジェル,897,○
sunscreen-comparison.md,2,花王 ニベアUV　ニベアサン ウォータージェル SPF50 詰替え,975,125g,https://hb.afl.rakuten.co.jp/hgc/g00ru0on.3rdw60b7.g00ru0on.3rdw7edf/?pc=https%3A%2F%2Fitem.rakuten.co.jp%2Fat-life%2F103-4901301298706%2F&m=http%3A%2F%2Fm.rakuten.co.jp%2Fat-life%2Fi%2F10627469%2F&rafcid=wsc_i_is_42b71141-7589-447e-ab9f-1c5e97e9d61f,花王 ニベアUV　ニベアサン ウォータージェル SPF50 詰替え 125g　SPF50／PA＋＋＋（4901301298706）※パッケージ変更の場合あり 日焼け止め,975,○
sunscreen-comparison.md,3,ビオレUV アクアリッチ ウォータリーエッセンス フレッシュパウチ,2480,120g,https://hb.afl.rakuten.co.jp/hgc/g00uh2zn.3rdw6fa6.g00uh2zn.3rdw7b39/?pc=https%3A%2F%2Fitem.rakuten.co.jp%2Fbeautyeveryday%2F4901301416957%2F&m=http%3A%2F%2Fm.rakuten.co.jp%2Fbeautyeveryday%2Fi%2F10000706%2F&rafcid=wsc_i_is_42b71141-7589-447e-ab9f-1c5e97e9d61f,ビオレUV アクアリッチ ウォータリーエッセンス フレッシュパウチ 120g ポンプ 大容量 SPF50 日焼け止め 日焼け防止 紫外線 顔 体 しみ シワ 化粧下地 こども 日焼け防止グッズ 白浮きしない ヒアルロン酸 UVカット 敏感肌,2480,○
sunscreen-comparison.md,4,【国内正規品 全12種】ALLIE アリィー 日焼け止め クロノビューティ トー,1430,60g,https://hb.afl.rakuten.co.jp/hgc/g00t269n.3rdw662f.g00t269n.3rdw745b/?pc=https%3A%2F%2Fitem.rakuten.co.jp%2Farianakosume%2Fallie-001%2F&m=http%3A%2F%2Fm.rakuten.co.jp%2Farianakosume%2Fi%2F10006763%2F&rafcid=wsc_i_is_42b71141-7589-447e-ab9f-1c5e97e9d61f,【国内正規品 全12種】ALLIE アリィー 日焼け止め クロノビューティ トーンアップUV #01 #02 #03 60g / カラーチューニングUV #01 #02 #03 40g / ジェルUV EX 90g / プライマー 25g / フェイシャルジェルEX 60g / チークUV 15g / ラスター 15g SPF50+ PA++++ 送料無料 母の日,1430,○
tissue-paper-comparison.md,1,スコッティ ティッシュペーパー フラワーボックス,7399,500枚×60箱,https://hb.afl.rakuten.co.jp/hgc/g00pui9n.3rdw6af3.g00pui9n.3rdw7b1b/?pc=https%3A%2F%2Fitem.rakuten.co.jp%2Fe-kurashi%2F13337%2F&m=http%3A%2F%2Fm.rakuten.co.jp%2Fe-kurashi%2Fi%2F10024834%2F&rafcid=wsc_i_is_42b71141-7589-447e-ab9f-1c5e97e9d61f,スコッティ ティッシュペーパー フラワーボックス 500枚(250組)5箱×12パック(60箱)scottie ティッシュ ティシュー ボックスティッシュ 箱ティッシュ 大容量 長持ち コンパクト 日本製 日本製紙クレシア 【送料無料】,7399,○
tissue-paper-comparison.md,2,プライベートブランド ティッシュ 200枚(100組)×60箱,5760,200枚（100組）×60箱,https://hb.afl.rakuten.co.jp/hgc/g00s581n.3rdw6f03.g00s581n.3rdw79ea/?pc=https%3A%2F%2Fitem.rakuten.co.jp%2Fpc-bomber-shop%2F251641002216000%2F&m=http%3A%2F%2Fm.rakuten.co.jp%2Fpc-bomber-shop%2Fi%2F10124307%2F&rafcid=wsc_i_is_42b71141-7589-447e-ab9f-1c5e97e9d61f,ERROR: 0件,,
tissue-paper-comparison.md,3,鼻セレブ ティシュー 3枚重ね 60組×12箱,1210,60組×12箱,https://hb.afl.rakuten.co.jp/hgc/g00rs30n.3rdw6647.g00rs30n.3rdw71f8/?pc=https%3A%2F%2Fitem.rakuten.co.jp%2Fbigban%2F18-0631-072%2F&m=http%3A%2F%2Fm.rakuten.co.jp%2Fbigban%2Fi%2F10058418%2F&rafcid=wsc_i_is_42b71141-7589-447e-ab9f-1c5e97e9d61f,ERROR: 0件,,
tissue-paper-comparison.md,4,エリエール ティシュー 200枚(100組)×12箱,5258,200枚（100組）×12箱,https://hb.afl.rakuten.co.jp/hgc/g00tiz9n.3rdw6353.g00tiz9n.3rdw771a/?pc=https%3A%2F%2Fitem.rakuten.co.jp%2Fprotoolshop%2F4902011722734%2F&m=http%3A%2F%2Fm.rakuten.co.jp%2Fprotoolshop%2Fi%2F10006509%2F&rafcid=wsc_i_is_42b71141-7589-447e-ab9f-1c5e97e9d61f,ERROR: 0件,,
tissue-paper-comparison.md,5,クリネックス ティシュー 200枚(100組)×12箱,6146,200枚（100組）×12箱,https://hb.afl.rakuten.co.jp/hgc/g00qcsnn.3rdw6570.g00qcsnn.3rdw762b/?pc=https%3A%2F%2Fitem.rakuten.co.jp%2Fkyoto23%2F10000355%2F&m=http%3A%2F%2Fm.rakuten.co.jp%2Fkyoto23%2Fi%2F10000355%2F&rafcid=wsc_i_is_42b71141-7589-447e-ab9f-1c5e97e9d61f,ERROR: 0件,,
toilet-cleaner-comparison.md,1,サンポール トイレ洗剤 尿石除去 大容量 5L,1780,大容量 5L（約250回分）,https://hb.afl.rakuten.co.jp/hgc/g00qvyfn.3rdw6a92.g00qvyfn.3rdw717f/?pc=https%3A%2F%2Fitem.rakuten.co.jp%2Fsundrug%2F4987115851764%2F&m=http%3A%2F%2Fm.rakuten.co.jp%2Fsundrug%2Fi%2F10108088%2F&rafcid=wsc_i_is_42b71141-7589-447e-ab9f-1c5e97e9d61f,大日本除虫菊 KINCHO サンポール トイレ洗剤 尿石除去 大容量 5L,1780,○
toilet-cleaner-comparison.md,2,スクラビングバブル 超強力トイレクリーナー【スクラビングバブル】[トイレ洗剤 ト,441,（400g）,https://hb.afl.rakuten.co.jp/hgc/g00r136n.3rdw697f.g00r136n.3rdw7383/?pc=https%3A%2F%2Fitem.rakuten.co.jp%2Frakuten24%2Fe341234h%2F&m=http%3A%2F%2Fm.rakuten.co.jp%2Frakuten24%2Fi%2F10252628%2F&rafcid=wsc_i_is_42b71141-7589-447e-ab9f-1c5e97e9d61f,ERROR: HTTP 400,,
toilet-cleaner-comparison.md,3,ドメスト 除菌クリーナー 500mL×3本,1188,500mL×3本（約90回分）,https://hb.afl.rakuten.co.jp/hgc/g00r136n.3rdw697f.g00r136n.3rdw7383/?pc=https%3A%2F%2Fitem.rakuten.co.jp%2Frakuten24%2F35475%2F&m=http%3A%2F%2Fm.rakuten.co.jp%2Frakuten24%2Fi%2F10844048%2F&rafcid=wsc_i_is_42b71141-7589-447e-ab9f-1c5e97e9d61f,ドメスト 除菌クリーナー 500ml×3本セット,894,△(別商品)
toilet-cleaner-comparison.md,4,ブルーレット おくだけ 除菌EX ミントの香り 付替 3個パック,2009,3個（約3ヶ月分）,https://hb.afl.rakuten.co.jp/hgc/g00qn2hn.3rdw6e09.g00qn2hn.3rdw7ff0/?pc=https%3A%2F%2Fitem.rakuten.co.jp%2Fauc-ulmax%2Fha-4987072092651_3%2F&m=http%3A%2F%2Fm.rakuten.co.jp%2Fauc-ulmax%2Fi%2F11911239%2F&rafcid=wsc_i_is_42b71141-7589-447e-ab9f-1c5e97e9d61f,ERROR: 0件,,
toilet-paper-comparison.md,1,ネピア おしりセレブ ダブル,598,40m×4ロール×20セット（1ケース）,https://hb.afl.rakuten.co.jp/hgc/g00quq9n.3rdw60c1.g00quq9n.3rdw73f7/?pc=https%3A%2F%2Fitem.rakuten.co.jp%2Fauc-hachidai%2F888779%2F&m=http%3A%2F%2Fm.rakuten.co.jp%2Fauc-hachidai%2Fi%2F10539450%2F&rafcid=wsc_i_is_42b71141-7589-447e-ab9f-1c5e97e9d61f,【在庫あり】ネピア おしりセレブ トイレットペーパー 4ロール ダブル 高級トイレットロール 日本製 保湿トイレットペーパー ギフト用 日用品ギフト 引越し挨拶 粗品 プレゼント[zk],598,○
toilet-paper-comparison.md,2,【最安値に挑戦中！】 トイレットペーパー シングル 業務用 ワンタッチ,4980,150m×48ロール,https://hb.afl.rakuten.co.jp/hgc/g00ttjtn.3rdw6711.g00ttjtn.3rdw7380/?pc=https%3A%2F%2Fitem.rakuten.co.jp%2Fcorelex%2Fgyoumuonetouchcoreress150ms6r%2F&m=http%3A%2F%2Fm.rakuten.co.jp%2Fcorelex%2Fi%2F10000051%2F&rafcid=wsc_i_is_42b71141-7589-447e-ab9f-1c5e97e9d61f,【最安値に挑戦中！】 トイレットペーパー シングル 業務用 ワンタッチ 150m 48ロール ( 6ロール × 8パック ) 太穴タイプ 芯なし 倍巻き コアレックス コアレス 国産 日本製 ケース販売 再生紙 無香料 収納 大量 大容量 長持ち ロング 箱買い エコ まとめ買い,4980,○
toilet-paper-comparison.md,3,大王製紙　エリエール　i：naトイレットティシュー　シングル　芯あり,1193,100m×12ロール,https://hb.afl.rakuten.co.jp/hgc/g00qpdqn.3rdw67a5.g00qpdqn.3rdw7b85/?pc=https%3A%2F%2Fitem.rakuten.co.jp%2Fp-tano%2F369-3195%2F&m=http%3A%2F%2Fm.rakuten.co.jp%2Fp-tano%2Fi%2F10102400%2F&rafcid=wsc_i_is_42b71141-7589-447e-ab9f-1c5e97e9d61f,大王製紙　エリエール　i：na（イーナ）トイレットティシュー　シングル　芯あり　100m　華やぐフローラルの香り　1パック（12ロール）,1193,○
toilet-paper-comparison.md,4,スコッティ フラワーパック 2倍長持ち トイレットペーパー シングル【スコッティ,1345,100m×12ロール,https://hb.afl.rakuten.co.jp/hgc/g00r136n.3rdw697f.g00r136n.3rdw7383/?pc=https%3A%2F%2Fitem.rakuten.co.jp%2Frakuten24%2Fx255560h%2F&m=http%3A%2F%2Fm.rakuten.co.jp%2Frakuten24%2Fi%2F10205326%2F&rafcid=wsc_i_is_42b71141-7589-447e-ab9f-1c5e97e9d61f,クレシア 【ケース販売】 スコッティ フラワーパック 2倍長持ち シングル 12R×4パック,3916,△(別商品)
toilet-paper-comparison.md,5,再生紙トイレットペーパー ダブル 27.5m×96ロール（1パック12ロール）,580,ダブル 27.5m×96ロール,https://hb.afl.rakuten.co.jp/hgc/g00ru0on.3rdw60b7.g00ru0on.3rdw7edf/?pc=https%3A%2F%2Fitem.rakuten.co.jp%2Fat-life%2F4902727015670-today202411%2F&m=http%3A%2F%2Fm.rakuten.co.jp%2Fat-life%2Fi%2F12619846%2F&rafcid=wsc_i_is_42b71141-7589-447e-ab9f-1c5e97e9d61f,ERROR: 0件,,
toilet-paper-comparison.md,6,スコッティ フラワーパック 3倍長持ち ダブル,5980,75m×4ロール×12パック（3倍巻き）,https://hb.afl.rakuten.co.jp/hgc/g00rqlbn.3rdw622d.g00rqlbn.3rdw72ca/?pc=https%3A%2F%2Fitem.rakuten.co.jp%2Fk-home%2F7165192%2F&m=http%3A%2F%2Fm.rakuten.co.jp%2Fk-home%2Fi%2F10077532%2F&rafcid=wsc_i_is_42b71141-7589-447e-ab9f-1c5e97e9d61f,トイレットペーパー 48ロール 3倍長持ち シングル ダブル 3倍巻き まとめ買い 送料無料 4ロール×12個 12ロール×4個 スコッティ フラワーパック 75mトイレットロール 3倍巻き 日本製紙クレシア 無香料 香り付き,5980,○
toilet-paper-comparison.md,7,ハロー トイレットペーパー ダブル 2倍巻き,6210,50m×12ロール×6パック,https://hb.afl.rakuten.co.jp/hgc/g00r136n.3rdw697f.g00r136n.3rdw7383/?pc=https%3A%2F%2Fitem.rakuten.co.jp%2Frakuten24%2F4580287284745%2F&m=http%3A%2F%2Fm.rakuten.co.jp%2Frakuten24%2Fi%2F11346354%2F&rafcid=wsc_i_is_42b71141-7589-447e-ab9f-1c5e97e9d61f,ハロー トイレットペーパー ダブル 2倍巻き 50m ケース販売(12ロール×6パック入)【ハロー】,6210,○
toilet-paper-comparison.md,8,エリエール トイレットティシュー たっぷり長持ち ダブル 12ロール×6個セット,6383,45m×12ロール×6個,https://hb.afl.rakuten.co.jp/hgc/g00r136n.3rdw697f.g00r136n.3rdw7383/?pc=https%3A%2F%2Fitem.rakuten.co.jp%2Frakuten24%2F14495%2F&m=http%3A%2F%2Fm.rakuten.co.jp%2Frakuten24%2Fi%2F10678469%2F&rafcid=wsc_i_is_42b71141-7589-447e-ab9f-1c5e97e9d61f,エリエール トイレットティシュー たっぷり長持ち ダブル( 12ロール×6個セット)【エリエール】[トイレットペーパー],6383,○
toothbrush-comparison.md,1,タフト24 歯ブラシ 10本セット MS,1380,10本（約10ヶ月分）,https://hb.afl.rakuten.co.jp/hgc/g00r6h3n.3rdw6e54.g00r6h3n.3rdw719f/?pc=https%3A%2F%2Fitem.rakuten.co.jp%2Fd-fit%2Fyyyy27%2F&m=http%3A%2F%2Fm.rakuten.co.jp%2Fd-fit%2Fi%2F10007716%2F&rafcid=wsc_i_is_42b71141-7589-447e-ab9f-1c5e97e9d61f,【10本セット】【全色アソート】【メール便送料無料】【硬さ選べます！】 キャップなし タフト24 10本　歯ブラシ (MH)(M)(MS)(S) オーラルケア,1430,△(別商品)
toothbrush-comparison.md,2,システマハブラシ 超コンパクト ふつう 12本,3196,12本（約1年分）,https://hb.afl.rakuten.co.jp/hgc/g00r136n.3rdw697f.g00r136n.3rdw7383/?pc=https%3A%2F%2Fitem.rakuten.co.jp%2Frakuten24%2F65032%2F&m=http%3A%2F%2Fm.rakuten.co.jp%2Frakuten24%2Fi%2F10901946%2F&rafcid=wsc_i_is_42b71141-7589-447e-ab9f-1c5e97e9d61f,システマ ハブラシ 超コンパクト 4列 ふつう(12本セット)【w6i】【システマ】,3196,○
toothbrush-comparison.md,3,GUM デンタルブラシ #211 3列コンパクト ふつう 1本,268,1本（約1ヶ月分）,https://hb.afl.rakuten.co.jp/hgc/g00pp25n.3rdw63dd.g00pp25n.3rdw7c22/?pc=https%3A%2F%2Fitem.rakuten.co.jp%2Fwellness-web%2F10019611%2F&m=http%3A%2F%2Fm.rakuten.co.jp%2Fwellness-web%2Fi%2F10019611%2F&rafcid=wsc_i_is_42b71141-7589-447e-ab9f-1c5e97e9d61f,【送料込×まとめ買い6本】ガム(G・U・M) デンタルブラシ 3列コンパクトヘッドふつう ＃211 1本入×6本セット(配送指定不可),1760,△(別商品)
toothbrush-comparison.md,4,クリニカ アドバンテージ ハブラシ 4列 超コンパクト ふつう 12本セット,3379,12本（約12ヶ月分）,https://hb.afl.rakuten.co.jp/hgc/g00r136n.3rdw697f.g00r136n.3rdw7383/?pc=https%3A%2F%2Fitem.rakuten.co.jp%2Frakuten24%2F71453%2F&m=http%3A%2F%2Fm.rakuten.co.jp%2Frakuten24%2Fi%2F10926222%2F&rafcid=wsc_i_is_42b71141-7589-447e-ab9f-1c5e97e9d61f,クリニカ アドバンテージ ハブラシ 4列 超コンパクト ふつう(12本セット)【w6i】【クリニカ】,3379,○
toothpaste-comparison.md,1,システマ ハグキプラス プレミアム 95g×4本セット,798,95g×4本,https://hb.afl.rakuten.co.jp/hgc/g00ru0on.3rdw60b7.g00ru0on.3rdw7edf/?pc=https%3A%2F%2Fitem.rakuten.co.jp%2Fat-life%2F4903301326694-1%2F&m=http%3A%2F%2Fm.rakuten.co.jp%2Fat-life%2Fi%2F12280697%2F&rafcid=wsc_i_is_42b71141-7589-447e-ab9f-1c5e97e9d61f,ERROR: 0件,,
toothpaste-comparison.md,2,シュミテクト プロエナメル 90g×3本セット,5130,90g×3本,https://hb.afl.rakuten.co.jp/hgc/g00tth2n.3rdw67a0.g00tth2n.3rdw76f2/?pc=https%3A%2F%2Fitem.rakuten.co.jp%2F14promo%2F20240423-1300%2F&m=http%3A%2F%2Fm.rakuten.co.jp%2F14promo%2Fi%2F10027463%2F&rafcid=wsc_i_is_42b71141-7589-447e-ab9f-1c5e97e9d61f,ERROR: 0件,,
toothpaste-comparison.md,3,歯ブラシ まとめ買い 大人 おとな用歯ブラシアソート,1480,（20g）,https://hb.afl.rakuten.co.jp/hgc/g00r6h3n.3rdw6e54.g00r6h3n.3rdw719f/?pc=https%3A%2F%2Fitem.rakuten.co.jp%2Fd-fit%2F36667%2F&m=http%3A%2F%2Fm.rakuten.co.jp%2Fd-fit%2Fi%2F10004851%2F&rafcid=wsc_i_is_42b71141-7589-447e-ab9f-1c5e97e9d61f,歯ブラシ まとめ買い 大人 おとな用歯ブラシアソート20本セット福袋 【選べるおまけ・アパガード リナメル 1本(20g)】≪歯ブラシは全て日本製のこだわり福袋≫※返品不可（メール便2点まで）【メール便選択で送料無料】,1480,○
washing-machine-cleaner-comparison.md,1,洗濯槽カビキラー 塩素系液体タイプ 550g×3個,1767,550g×3個（3回分）,https://hb.afl.rakuten.co.jp/hgc/g00uq8kn.3rdw6894.g00uq8kn.3rdw73cf/?pc=https%3A%2F%2Fitem.rakuten.co.jp%2Ffree-1121%2Ff0196083ki%2F&m=http%3A%2F%2Fm.rakuten.co.jp%2Ffree-1121%2Fi%2F10029960%2F&rafcid=wsc_i_is_42b71141-7589-447e-ab9f-1c5e97e9d61f,ERROR: 0件,,
washing-machine-cleaner-comparison.md,2,洗たく槽クリーナー エスケー石鹸 500g×2個,3780,500g×2個（2回分）,https://hb.afl.rakuten.co.jp/hgc/g00rl91n.3rdw6dd1.g00rl91n.3rdw7bbc/?pc=https%3A%2F%2Fitem.rakuten.co.jp%2Fiimonotokusen%2Fesuke-03%2F&m=http%3A%2F%2Fm.rakuten.co.jp%2Fiimonotokusen%2Fi%2F10000090%2F&rafcid=wsc_i_is_42b71141-7589-447e-ab9f-1c5e97e9d61f,すっきりシリーズ 洗濯槽クリーナー 500g×2個 酸素系 正規品 エスケー石鹸 洗濯漕クリーナー 手入れ すっきり 洗濯機 掃除用洗剤 除菌 洗濯槽 掃除 衣類 ヱスケー石鹸 自然派 洗剤 エスケー 匂い 過炭酸ナトリウム クリーナー 縦型 洗濯槽洗剤 綺麗,2293,△(別商品)
washing-machine-cleaner-comparison.md,3,オキシクリーン 1500g,3425,1500g（約10回分）,https://hb.afl.rakuten.co.jp/hgc/g00qx6in.3rdw6f17.g00qx6in.3rdw7fd9/?pc=https%3A%2F%2Fitem.rakuten.co.jp%2Fgood-mam88%2F309892sm%2F&m=http%3A%2F%2Fm.rakuten.co.jp%2Fgood-mam88%2Fi%2F10000609%2F&rafcid=wsc_i_is_42b71141-7589-447e-ab9f-1c5e97e9d61f,オキシクリーン 1500g 【オキシクリーン(OXI CLEAN)】 漂白剤,1650,△(別商品)
washing-machine-cleaner-comparison.md,4,パナソニック 洗濯槽クリーナー ドラム式専用 N-W2 750mL,1627,750mL（1回分）,https://hb.afl.rakuten.co.jp/hgc/g00ru0on.3rdw60b7.g00ru0on.3rdw7edf/?pc=https%3A%2F%2Fitem.rakuten.co.jp%2Fat-life%2F4549077290441%2F&m=http%3A%2F%2Fm.rakuten.co.jp%2Fat-life%2Fi%2F10184735%2F&rafcid=wsc_i_is_42b71141-7589-447e-ab9f-1c5e97e9d61f,パナソニック　洗濯漕クリーナー ドラム式洗濯機用 N-W2 750ml(1回分)（ドラム式専用） (4549077290441),1627,○
wet-tissue-comparison.md,1,アイリスオーヤマ 除菌ウェットティッシュ 60枚×48個,7480,"60枚×48個（2,880枚）",https://hb.afl.rakuten.co.jp/hgc/g00t3ztn.3rdw6b30.g00t3ztn.3rdw7dc2/?pc=https%3A%2F%2Fitem.rakuten.co.jp%2Firisplaza-r%2F1920418%2F&m=http%3A%2F%2Fm.rakuten.co.jp%2Firisplaza-r%2Fi%2F10156833%2F&rafcid=wsc_i_is_42b71141-7589-447e-ab9f-1c5e97e9d61f,ERROR: 0件,,
wet-tissue-comparison.md,2,ユニチャーム シルコット ピュアウォーターウェットティッシュ 詰替 【,1279,58枚×8個,https://hb.afl.rakuten.co.jp/hgc/g00uov8n.3rdw6d00.g00uov8n.3rdw7627/?pc=https%3A%2F%2Fitem.rakuten.co.jp%2Fayumi-shop%2Fb0cm8z1vgs%2F&m=http%3A%2F%2Fm.rakuten.co.jp%2Fayumi-shop%2Fi%2F10000374%2F&rafcid=wsc_i_is_42b71141-7589-447e-ab9f-1c5e97e9d61f,ERROR: HTTP 400,,
wet-tissue-comparison.md,3,エリエール 除菌できるアルコールタオル ウイルス除去用 詰め替え 70枚×3個,1097,70枚×3個（210枚）,https://hb.afl.rakuten.co.jp/hgc/g00r136n.3rdw697f.g00r136n.3rdw7383/?pc=https%3A%2F%2Fitem.rakuten.co.jp%2Frakuten24%2Fe387819h%2F&m=http%3A%2F%2Fm.rakuten.co.jp%2Frakuten24%2Fi%2F10315025%2F&rafcid=wsc_i_is_42b71141-7589-447e-ab9f-1c5e97e9d61f,大王製紙　エリエール　除菌できるアルコールタオル　ウィルス除去用　詰め替え用　70枚×3個パック　8パック入り　まとめ買い　送料無料,8346,△(別商品)
wet-tissue-comparison.md,4,キレイキレイ 除菌ウェットシート ノンアルコール 30枚 携帯用,217,30枚（携帯用）,https://hb.afl.rakuten.co.jp/hgc/g00pp25n.3rdw63dd.g00pp25n.3rdw7c22/?pc=https%3A%2F%2Fitem.rakuten.co.jp%2Fwellness-web%2F10048919%2F&m=http%3A%2F%2Fm.rakuten.co.jp%2Fwellness-web%2Fi%2F10048919%2F&rafcid=wsc_i_is_42b71141-7589-447e-ab9f-1c5e97e9d61f,ライオン キレイキレイ 除菌ウェットシート ノンアルコールタイプ (30枚) 携帯用 ウェットティッシュ 防災 備蓄,217,○
wrap-foil-comparison.md,1,NEWクレラップ 22cm*,567,50m,https://hb.afl.rakuten.co.jp/hgc/g00r136n.3rdw697f.g00r136n.3rdw7383/?pc=https%3A%2F%2Fitem.rakuten.co.jp%2Frakuten24%2Fa001200200078%2F&m=http%3A%2F%2Fm.rakuten.co.jp%2Frakuten24%2Fi%2F10094690%2F&rafcid=wsc_i_is_42b71141-7589-447e-ab9f-1c5e97e9d61f,NEWクレラップ ミニ 22cm*50m(1コ入)【イチオシ】【ニュークレラップ】,567,○
wrap-foil-comparison.md,2,業務用ポリラップ 無添加 22cm×100m 3本セット,13080,22cm×100m×3本（300m）,https://hb.afl.rakuten.co.jp/hgc/g00un7dn.3rdw6546.g00un7dn.3rdw75a2/?pc=https%3A%2F%2Fitem.rakuten.co.jp%2Ftsumehoudai%2F36168p%2F&m=http%3A%2F%2Fm.rakuten.co.jp%2Ftsumehoudai%2Fi%2F10000740%2F&rafcid=wsc_i_is_42b71141-7589-447e-ab9f-1c5e97e9d61f,ERROR: 0件,,
wrap-foil-comparison.md,3,【ケース販売】サランラップ 業務用 BOXタイプ 30cm×,14300,50m,https://hb.afl.rakuten.co.jp/hgc/g00sjkzn.3rdw6654.g00sjkzn.3rdw73bb/?pc=https%3A%2F%2Fitem.rakuten.co.jp%2Fsatoiku%2Fsaranwrap_30_30%2F&m=http%3A%2F%2Fm.rakuten.co.jp%2Fsatoiku%2Fi%2F10020877%2F&rafcid=wsc_i_is_42b71141-7589-447e-ab9f-1c5e97e9d61f,【ケース販売】サランラップ 業務用 BOXタイプ 30cm×50m　30本セット,14300,○
